,filename
0,8MVo7fje_oE_125_130.mp4
1,WTf5EgVY5uU_124_128.mp4
2,6gQu8PWhFoQ_30_35.mp4
3,9Q0JfdP36kI_56_64.mp4
4,aeA-HN7BMdo_16_33.mp4
5,CcvJs77L-e8_15_22.mp4
6,bQJQGoJF7_k_120_126.mp4
7,R24RktgUi-s_5_15.mp4
8,m1NR0uNNs5Y_104_110.mp4
9,4yYapi-5QYQ_33_57.mp4
10,Je3V7U5Ctj4_760_765.mp4
11,s-QQWRdF-5Y_19_28.mp4
12,v5CeGLEnVFE_0_8.mp4
13,8MVo7fje_oE_139_144.mp4
14,Qtu-PXuvCx4_12_17.mp4
15,gGDtPJzh_0s_30_45.mp4
16,zYcY4mjLpxU_104_118.mp4
17,Wnz3IevSNg0_1_8.mp4
18,tmAX2PnRCY0_284_292.mp4
19,JhCvLmf9yr0_46_50.mp4
20,6sYmDT5et00_301_339.mp4
21,9wxB1UQi0MM_18_38.mp4
22,QzcTlEpAigQ_0_14.mp4
23,MF88IYF2MHY_25_59.mp4
24,f-24IxG9ijw_25_40.mp4
25,qeKX-N1nKiM_52_59.mp4
26,wkgGxsuNVSg_34_41.mp4
27,a1i6T160REQ_5_18.mp4
28,AGRFy5hDQiY_31_38.mp4
29,itxzpFW1z7E_22_36.mp4
30,3n_Kqak2JdA_48_71.mp4
31,hW8TKz2Aea4_40_50.mp4
32,3I9tSDU-OSk_17_22.mp4
33,7d1d2WlEnKs_0_12.mp4
34,lB1UPJ4leqs_1_6.mp4
35,8MVo7fje_oE_153_158.mp4
36,e40bBP0_AbE_64_67.mp4
37,Vg1jyL3cr60_163_186.mp4
38,eiyuac7hA4A_4_47.mp4
39,pGsU4FekJQM_10_18.mp4
40,E2r6nnkwl0c_6_18.mp4
41,W8l_ezoU8Lc_156_162.mp4
42,L6dEUQ6WiHY_136_142.mp4
43,0IDJG0q9j_k_1_24.mp4
44,bQJQGoJF7_k_109_115.mp4
45,nLvX-erABqY_67_72.mp4
46,6t0BpjwYKco_118_127.mp4
47,oRBgVOiZVsc_16_22.mp4
48,LEz0puaKNTk_38_48.mp4
49,p3J3TAdKAYQ_0_10.mp4
50,ZbzDGXEwtGc_6_15.mp4
51,3eqFFRSXwGE_84_96.mp4
52,zH4v_DClIoc_3_28.mp4
53,z_qf7tOnHVg_81_89.mp4
54,kSzS_lFtJDk_55_70.mp4
55,bSIjZ75a50s_286_304.mp4
56,2YhDTpzxd3c_22_27.mp4
57,SzEbtbNSg04_214_224.mp4
58,jxdubZzQrio_33_46.mp4
59,HZqscSWtHmo_24_34.mp4
60,-vg3vR86fu0_1_6.mp4
61,MwOEK-KXSPc_1_10.mp4
62,J8cP93yG1Ao_14_24.mp4
63,cCmnN96zIeQ_14_24.mp4
64,wON-YuA1GjA_3_63.mp4
65,V6Fxclwdfxc_56_66.mp4
66,kuNQpRTc-hA_126_135.mp4
67,lo4KcsBN--A_0_10.mp4
68,UXs3eq68ZjE_382_387.mp4
69,BVy9SQI5R68_0_7.mp4
70,lm0z7eLsbbw_9_23.mp4
71,MTkGPfMRXtc_5_21.mp4
72,uy0HNWto0UY_18_25.mp4
73,HM-ZDoRWiH4_0_5.mp4
74,UbmZAe5u5FI_44_55.mp4
75,tn-Hoz4KbkE_89_93.mp4
76,RZL9irxnhZ0_34_40.mp4
77,FAD8CbQuvco_35_45.mp4
78,zhLcONtNkew_16_21.mp4
79,_pj2Nutu5v8_1_8.mp4
80,nq4hG6qgyPs_184_195.mp4
81,uqVCk2oDpSE_194_200.mp4
82,3zrVqwV29V8_69_76.mp4
83,PCXHuseKwDc_68_76.mp4
84,Qp-k0H93iJE_35_39.mp4
85,0hyZ__3YhZc_302_307.mp4
86,88p7U5CnoYU_1_10.mp4
87,fHfpMUDrQCs_17_31.mp4
88,D1tTBncIsm8_198_205.mp4
89,DIToA1dDwGQ_32_42.mp4
90,UgUFP5baQ9Y_0_10.mp4
91,1qxMJLkHDLw_0_9.mp4
92,IAvBB2lv8iw_142_148.mp4
93,DN7jwyL1Xgg_1_19.mp4
94,NaX51emUDn4_0_20.mp4
95,WTf5EgVY5uU_130_135.mp4
96,11xs9mFKObs_0_8.mp4
97,kWLNZzuo3do_222_227.mp4
98,X56XkGFe7OY_47_61.mp4
99,gHyXstpe_N8_95_100.mp4
100,dfOuTx66bJU_34_39.mp4
101,kWLNZzuo3do_228_232.mp4
102,q7pOFn8s4zc_27_36.mp4
103,s6QwbmWbSmw_18_24.mp4
104,dQmaVQZz7EE_1_18.mp4
105,yREFkmrrYiw_51_57.mp4
106,E4k0Aylzdyo_97_104.mp4
107,mFCf8lLXrUc_36_57.mp4
108,j2Dhf-xFUxU_20_29.mp4
109,6Lzq1HN33lE_5_15.mp4
110,b4FM9OLBGyM_37_49.mp4
111,32_A0-er4Ws_16_20.mp4
112,bDoCQEwghZU_201_211.mp4
113,xxHx6s_DbUo_41_44.mp4
114,ifS2nXfCyYo_4_34.mp4
115,6owu8Mow0_g_302_307.mp4
116,qeKX-N1nKiM_106_115.mp4
117,q-JHcsqJXWY_0_8.mp4
118,WTf5EgVY5uU_66_75.mp4
119,Je3V7U5Ctj4_956_961.mp4
120,8VUbN3hkdBo_36_50.mp4
121,0RWJEOScToE_414_421.mp4
122,kWLNZzuo3do_147_153.mp4
123,4ge5_V-xhP0_138_142.mp4
124,AdcgmBtE99c_108_114.mp4
125,73vUksucPz8_12_20.mp4
126,e-j59PqJjSM_163_173.mp4
127,VxM96IYzw0Q_2_15.mp4
128,G_hxdUG6QXE_23_28.mp4
129,e3XkmpNcSt4_8_19.mp4
130,bqMmyY1ImkI_0_14.mp4
131,J_evFB7RIKA_104_120.mp4
132,d_BWuttLRFM_42_52.mp4
133,zSPBC8EO6dY_64_73.mp4
134,lfGlDg47How_110_115.mp4
135,Cxxx6wJ1jNo_0_10.mp4
136,jMO3jGQeqyk_3_6.mp4
137,m4D72WXFd8s_557_564.mp4
138,XNV7hKVu-Xg_40_47.mp4
139,PeUHy0A1GF0_74_77.mp4
140,ao-9B8IV9_E_77_81.mp4
141,WTf5EgVY5uU_76_83.mp4
142,UXs3eq68ZjE_508_513.mp4
143,1hPxGmTGarM_9_19.mp4
144,0hyZ__3YhZc_410_417.mp4
145,8sARjdhSvpo_167_176.mp4
146,WPG-BIWOrG4_683_689.mp4
147,4PayIIIOeIs_230_238.mp4
148,PAm82v0AMFc_5_10.mp4
149,n_Z0-giaspE_168_193.mp4
150,3lBHYoI5V8s_30_45.mp4
151,oBt257I-pL0_0_10.mp4
152,wFPmKChNrhU_3_11.mp4
153,WTx-K045yQM_85_98.mp4
154,SRzoLVNgHoI_56_66.mp4
155,LwvyrDxM2G0_0_11.mp4
156,EA-J-Y6QjUo_40_61.mp4
157,1rECrfrdNTo_200_207.mp4
158,CGllPWAwmUo_1_15.mp4
159,-pUwIypksfE_13_23.mp4
160,xCFCXzDUGjY_5_9.mp4
161,nTasT5h0LEg_12_14.mp4
162,c_-eFL7Sfw4_19_35.mp4
163,qBFSt85-xqk_15_20.mp4
164,0hyZ__3YhZc_485_490.mp4
165,xy9LLUUZ6ic_50_60.mp4
166,e-j59PqJjSM_405_416.mp4
167,9Q0JfdP36kI_167_170.mp4
168,QHkvBU8diwU_1_18.mp4
169,4z3b4mnw5y4_56_60.mp4
170,ACK7SekJWts_140_150.mp4
171,LYSPQqUvNO0_43_57.mp4
172,30PpKtVT8Z4_35_50.mp4
173,6t0BpjwYKco_46_53.mp4
174,HBCJYhUjVf0_0_9.mp4
175,Uc63MFVwfrs_360_372.mp4
176,rl1rVk_xIOs_1_16.mp4
177,PeUHy0A1GF0_105_112.mp4
178,Jfu-WkuCgD0_140_150.mp4
179,xxHx6s_DbUo_82_86.mp4
180,eZLxohGP4IE_190_201.mp4
181,UXs3eq68ZjE_255_260.mp4
182,4JVpbYmqfcI_5_19.mp4
183,xxHx6s_DbUo_240_248.mp4
184,jdAbpLooDgM_10_15.mp4
185,J7zb8YXrmIA_93_99.mp4
186,QT8iCDc7NGU_18_23.mp4
187,ceOXCFUmxzA_100_110.mp4
188,CgWYN5e9K10_30_62.mp4
189,ogcqFaNbah4_475_487.mp4
190,8MVo7fje_oE_180_185.mp4
191,6t0BpjwYKco_80_84.mp4
192,Jag7oTemldY_12_25.mp4
193,Jj4uYHr65H8_28_35.mp4
194,tZmDWltBziM_70_80.mp4
195,K6xy6C-Hsa0_2_28.mp4
196,SULWQEAErKw_13_26.mp4
197,z0zb--BOhDY_16_22.mp4
198,v-9Gx0gJmfo_91_99.mp4
199,PmrTDZy3f2M_35_39.mp4
200,8NFoN0K3bPg_20_28.mp4
201,PeUHy0A1GF0_68_73.mp4
202,8e0yXMa708Y_24_33.mp4
203,7uF-2adCsI0_60_67.mp4
204,BVjvRpmHg0w_231_250.mp4
205,PTxHJMM6hHE_0_15.mp4
206,0lh_UWF9ZP4_215_226.mp4
207,5L5MoemWC6g_10_13.mp4
208,UbmZAe5u5FI_132_141.mp4
209,a8PAY4rvzRM_1_10.mp4
210,VF1K_6ZSOAY_60_70.mp4
211,-YI0cxuNcq8_262_272.mp4
212,ZDoy9S82ETA_5_15.mp4
213,qypmR4O1Gwk_0_10.mp4
214,sWqi41wyXcQ_68_79.mp4
215,r4qv_BNlQNk_93_98.mp4
216,vulNlhUI6m0_7_27.mp4
217,4PcL6-mjRNk_47_55.mp4
218,6t0BpjwYKco_105_110.mp4
219,Ms3QdGIzltU_10_20.mp4
220,7HcYJKMxpcg_20_28.mp4
221,jbzaMtPYtl8_48_58.mp4
222,R3a9r8qFlhQ_0_12.mp4
223,clKtfGBVI1I_15_28.mp4
224,nrZyPuRd5pU_85_92.mp4
225,ao-9B8IV9_E_87_95.mp4
226,d1zdJO3CqVw_1_35.mp4
227,0lh_UWF9ZP4_62_69.mp4
228,8BL9qmFRbd4_6_13.mp4
229,fnpp8v9NbmY_181_188.mp4
230,Ne87egvJnWo_0_3.mp4
231,ruNrdmjcNTc_0_5.mp4
232,778mkceE0UQ_40_46.mp4
233,NMlKMfiHSho_1_15.mp4
234,pQYEZTwSVbQ_12_18.mp4
235,6t0BpjwYKco_230_240.mp4
236,kWLNZzuo3do_206_213.mp4
237,aDjNl5gs4nM_18_47.mp4
238,SJZFNwfcSOw_3_18.mp4
239,rnawC5C8gSI_82_90.mp4
240,buJ5HDCinrM_150_166.mp4
241,9OxQ-2gR1DU_18_38.mp4
242,UbmZAe5u5FI_88_98.mp4
243,v-9Gx0gJmfo_26_32.mp4
244,dJCtOz32dnw_40_60.mp4
245,me1D1WZ0yNM_120_124.mp4
246,_O9kWD8nuRU_45_49.mp4
247,POv7JaE3vJ8_40_50.mp4
248,ao-9B8IV9_E_175_187.mp4
249,YmXCfQm0_CA_109_120.mp4
250,Ixw6wmoC_xg_60_70.mp4
251,0lh_UWF9ZP4_199_207.mp4
252,hXn7D6-AAMA_0_9.mp4
253,2MCpA01Sn_c_75_82.mp4
254,btxCxlO1Euc_1_20.mp4
255,MrMG15y3rWU_5_13.mp4
256,UXs3eq68ZjE_280_285.mp4
257,D1tTBncIsm8_248_254.mp4
258,kWLNZzuo3do_17_23.mp4
259,Z8rTzW9Gb6Y_116_123.mp4
260,0lh_UWF9ZP4_138_145.mp4
261,uO7Eysrs8_k_80_90.mp4
262,6t0BpjwYKco_261_284.mp4
263,GY5Dl00LrEI_2_13.mp4
264,WEJfT-oB4v4_20_35.mp4
265,kWLNZzuo3do_262_270.mp4
266,dtwXtwJByYk_5_14.mp4
267,iLr7ZHAq1ro_7_11.mp4
268,QqYWLR47eLI_10_18.mp4
269,F2Ny7rq9RKs_139_148.mp4
270,EBWPZIjtnTM_1_6.mp4
271,tJHUH9tpqPg_113_118.mp4
272,IhwPQL9dFYc_24_30.mp4
273,c2MwqFYVE7A_40_45.mp4
274,IWhrWLOAin0_1_4.mp4
275,kWLNZzuo3do_48_53.mp4
276,bL_Kijz9IN4_0_15.mp4
277,WV9K6MbLjHA_106_116.mp4
278,5U3xz9Ovmhk_258_265.mp4
279,pzq5fPfsPZg_51_57.mp4
280,rw9h_574HxE_59_66.mp4
281,q8t7iSGAKik_57_74.mp4
282,6eokrw6_bjU_1_9.mp4
283,s9TklvyLFyI_177_191.mp4
284,L8h2DazQZJY_0_10.mp4
285,PHDmVhShE80_20_29.mp4
286,HqbVbPvlDoM_0_11.mp4
287,YwmUgVrUJ4I_0_15.mp4
288,OBLIjdMIIt8_54_61.mp4
289,R24RktgUi-s_24_28.mp4
290,ACOmKiJDkA4_47_54.mp4
291,WTf5EgVY5uU_218_236.mp4
292,2F9jX7u5nOg_83_97.mp4
293,8PQiaurIiDM_247_255.mp4
294,YXixZrSxefk_49_59.mp4
295,sm0OYD0NSbQ_51_59.mp4
296,c76tShLfQb0_74_81.mp4
297,_WRC7HXBJpU_395_401.mp4
298,BgoOihBb78w_38_40.mp4
299,Xp6rxW4hFFo_32_40.mp4
300,AysIdzGF-7M_6_14.mp4
301,02Z-kuB3IaM_2_13.mp4
302,Xh6rdpJNaf0_0_15.mp4
303,b71bI0rH1g8_75_90.mp4
304,3ytUOoa1SBE_12_23.mp4
305,DlOhXqKcLXk_7_14.mp4
306,9Q0JfdP36kI_23_28.mp4
307,Je3V7U5Ctj4_582_587.mp4
308,AJJ-iQkbRNE_97_109.mp4
309,oeaVXK2GAyc_4_21.mp4
310,dMH0bHeiRNg_3_14.mp4
311,dJEoDaA6VXc_1_19.mp4
312,Els1Cclg_sk_4_15.mp4
313,2jkExrrm_sQ_19_25.mp4
314,9VG7Elw9TDA_85_91.mp4
315,R2DvpPTfl-E_20_25.mp4
316,yPNFVj-pISU_105_115.mp4
317,s8utHZYTNTs_35_42.mp4
318,g1Gldu1KS44_8_14.mp4
319,ZbtpcGi2DWY_56_62.mp4
320,kWLNZzuo3do_86_93.mp4
321,hFERWnoc-nU_0_12.mp4
322,nZSFn51l3hc_660_666.mp4
323,De815YpTBic_41_48.mp4
324,3_51FhosiVY_93_101.mp4
325,Uc63MFVwfrs_355_372.mp4
326,eyMYc-37Sk4_0_10.mp4
327,4yf2WP6K1gQ_28_32.mp4
328,h0JvF9vpqx8_213_223.mp4
329,05gNigkqfNU_25_34.mp4
330,nc8hwLaOyZU_1_19.mp4
331,BVilbVCo9sU_1_11.mp4
332,f9Won2JpOEU_60_80.mp4
333,pmEKZ6yVewc_0_10.mp4
334,xxHx6s_DbUo_32_36.mp4
335,aJoDt4DMkFU_118_124.mp4
336,04Gt01vatkk_248_265.mp4
337,nb12bAaKzvA_0_10.mp4
338,toE0QYZzJKE_1_8.mp4
339,ggic669elLM_200_215.mp4
340,HJHPB_Y8GZE_259_263.mp4
341,-7KMZQEsJW4_205_208.mp4
342,IhwPQL9dFYc_61_75.mp4
343,2R_OAYQIkXM_14_22.mp4
344,0hyZ__3YhZc_341_348.mp4
345,9Wr48VFhZH8_45_50.mp4
346,BefkDBj5gSw_233_240.mp4
347,pcjuCotJYj8_50_62.mp4
348,qPXynwa_2iM_15_25.mp4
349,qeKX-N1nKiM_0_5.mp4
350,EVqc7e8JCco_5_15.mp4
351,qzQzooI4BqU_5_15.mp4
352,992zi9V3oiQ_15_17.mp4
353,BOLKaQeB6j0_101_111.mp4
354,jDFn-1lXJ98_71_80.mp4
355,sTMlQSbAGfE_0_12.mp4
356,1sffYOXq4Iw_23_49.mp4
357,dabI5gfaFm4_19_25.mp4
358,auFXfsCzAvQ_1_15.mp4
359,0SMOK2ql7Pg_5_12.mp4
360,8MVo7fje_oE_85_90.mp4
361,GopEjCCu2jo_2_9.mp4
362,ngHDYzhDBk4_5_14.mp4
363,nS6oQxX_Qi8_2_12.mp4
364,g9aZcaEg7iY_0_9.mp4
365,Zg0p5TXi_Cc_30_46.mp4
366,p9g06ktIkJg_4_11.mp4
367,lb8J2zCQTlo_3_8.mp4
368,BvHnDAsMtUA_0_13.mp4
369,eb-Zp4pJLKk_2_19.mp4
370,qvg9eM4Hmzk_1_9.mp4
371,9uDPqigcnzw_36_46.mp4
372,_o1UXSxTjfo_68_80.mp4
373,GWQTAe64m-0_160_166.mp4
374,Sq7Vt6KC9Yg_17_35.mp4
375,MMnnqzOoMF0_68_72.mp4
376,dJ3ba9zwx6c_5_15.mp4
377,HkpUWzNNVt4_20_30.mp4
378,kEGmZDpZ_RE_295_330.mp4
379,4kQnrKvOTNg_15_24.mp4
380,4eJJF11bIxM_1_9.mp4
381,zulPFoY64wE_26_33.mp4
382,dZBIdRGKRhM_13_32.mp4
383,DvYN53KBDr0_51_62.mp4
384,dq7agmFWkq0_5_9.mp4
385,j4dMnAPZu70_12_17.mp4
386,xlPyHMkpaQY_1_7.mp4
387,zTn-nNj5Bng_61_77.mp4
388,ht2oIYBSoI0_9_21.mp4
389,UXs3eq68ZjE_320_325.mp4
390,OO-5-eVEKPA_25_31.mp4
391,ry7AUQtuwdU_4_39.mp4
392,fJr2evLANsE_0_10.mp4
393,O9cOSO9L8Zs_1_16.mp4
394,tBj4Ny19vfQ_54_59.mp4
395,0ONJfp95yoE_1_10.mp4
396,AXL1oMdCFUM_45_59.mp4
397,iCiGjZEV7VI_65_75.mp4
398,pptYu3YQnxY_160_170.mp4
399,W6_XuNhgtrM_2_5.mp4
400,HxRK-WqZ5Gk_30_50.mp4
401,JIoiUNOXGaI_8_13.mp4
402,b_BuSVZwq6M_1_9.mp4
403,_pBeOAMjGm8_1_18.mp4
404,MWvCcwTw7Ac_154_181.mp4
405,kWLNZzuo3do_217_222.mp4
406,jPBxl9gFqNY_110_117.mp4
407,DGQL5lx-mwE_2_12.mp4
408,qeKX-N1nKiM_123_130.mp4
409,LwicaralvS0_90_104.mp4
410,uppFvcVwqqY_5_15.mp4
411,_6OTzzK7t9Y_73_78.mp4
412,VF1K_6ZSOAY_23_28.mp4
413,HzYtvOYOEoU_21_32.mp4
414,Lw0eGsYxElA_11_14.mp4
415,J4otiwOjQy8_98_112.mp4
416,47D9-U8hn5I_11_16.mp4
417,OaBmAg6gz30_4_18.mp4
418,Cx1We6GX4IM_0_8.mp4
419,OUII8_aOfNM_60_69.mp4
420,_WRC7HXBJpU_386_391.mp4
421,mOZkcBcWR8o_6_12.mp4
422,vloe_60s_dk_0_9.mp4
423,A_nCfAbXjoM_8_56.mp4
424,-wa0umYJVGg_286_290.mp4
425,SzEbtbNSg04_28_48.mp4
426,GEXqMH8I3_w_14_18.mp4
427,Kf8oZGHDTt4_4_13.mp4
428,HO_ovIrLWfQ_1_11.mp4
429,hJFBXHtxKIc_310_315.mp4
430,MPuKVz3sjBA_1_12.mp4
431,LSuVRWPoHr0_0_37.mp4
432,dfOuTx66bJU_11_14.mp4
433,DJWmm_Q9WvY_1_25.mp4
434,AQhiE_NL6yY_91_101.mp4
435,7NNg0_n-bS8_21_30.mp4
436,u_6tre9_99Q_13_25.mp4
437,9Q0JfdP36kI_19_27.mp4
438,xpOYXbMDDBY_1_20.mp4
439,KrBeBabazDU_15_20.mp4
440,ghynaoVNwZc_1_20.mp4
441,8CzlhZtunNc_5_11.mp4
442,IiTzJQE67FA_74_86.mp4
443,Puh1n8DTKw8_2_9.mp4
444,vpR0L3sIvoo_15_49.mp4
445,kquB3rIgfGk_525_532.mp4
446,Kqb-mmkEWqU_1_5.mp4
447,G-M78KIy19E_315_330.mp4
448,DAmOfcvfKZ0_22_32.mp4
449,DKgHYLDebx0_0_8.mp4
450,UXs3eq68ZjE_246_250.mp4
451,_QJbjKkfdcs_52_57.mp4
452,YersIyzsOpc_15_30.mp4
453,16iNk1hLJt4_37_40.mp4
454,lc9bA-hvqHU_1_6.mp4
455,rwHT2SuNOi8_240_255.mp4
456,PHDmVhShE80_82_86.mp4
457,X0UJaprpxrk_18_26.mp4
458,tYh4iDFgmEE_10_14.mp4
459,-4wsuPCjDBc_5_15.mp4
460,XzCcRzEa83U_1_8.mp4
461,lsanQj2yacs_102_108.mp4
462,5QJf-l4lPJw_133_138.mp4
463,0lh_UWF9ZP4_82_87.mp4
464,kIZanu909lw_67_80.mp4
465,P6eo3LULuuc_1_11.mp4
466,nhm_APPwhWk_6_12.mp4
467,NVGGgncVq-4_12_20.mp4
468,5JSbxHECb-I_97_110.mp4
469,ZK4W-2ifl6I_1_28.mp4
470,OKBLPpAPp9c_2_17.mp4
471,KpmVL4ANieA_0_9.mp4
472,ItFqogTmAvQ_240_246.mp4
473,0lh_UWF9ZP4_27_31.mp4
474,hcCLIzzB1jQ_1_7.mp4
475,77iDIp40m9E_159_181.mp4
476,Xxcv5jvRmcg_39_46.mp4
477,-_hbPLsZvvo_5_8.mp4
478,SFFfhAUEoj0_10_16.mp4
479,RWWvWFeE6_Q_2_26.mp4
480,0lh_UWF9ZP4_71_77.mp4
481,Qjbcibrv3L0_26_32.mp4
482,UbmZAe5u5FI_101_110.mp4
483,Ly5D0z9gKtc_15_20.mp4
484,lB1UPJ4leqs_0_6.mp4
485,CL49s8bO6Fg_1_11.mp4
486,8PQiaurIiDM_173_180.mp4
487,xGdoi3W3Z4o_2_40.mp4
488,S-Civm_fbK8_20_26.mp4
489,JYNzY9jmsQQ_2_10.mp4
490,4-1gpwkD7Hc_7_15.mp4
491,aK8liAv-28s_72_82.mp4
492,PqvKNqkGI9o_47_52.mp4
493,xxHx6s_DbUo_98_101.mp4
494,NoCgvH4xZHo_56_63.mp4
495,lexLAjh8fPA_27_31.mp4
496,m1NR0uNNs5Y_57_64.mp4
497,VahnQw2gTQY_203_210.mp4
498,_O9kWD8nuRU_70_76.mp4
499,e4QGnppJ-ys_6_14.mp4
500,pDvzOLRLjPc_0_8.mp4
501,zpgW7m7_LZw_2_15.mp4
502,VfqlfprZsaQ_75_85.mp4
503,oFUsn1owAbs_158_168.mp4
504,DhwrBs96Kgk_120_124.mp4
505,1dfR0A_BXjw_524_532.mp4
506,QzulzuWr0Zw_20_45.mp4
507,i2GgBwlwV0c_24_31.mp4
508,nMBSDpB3WB8_5_14.mp4
509,Hu9Sq1RvuoA_19_62.mp4
510,jTaLGh_MKCM_5_20.mp4
511,MJNStEgDKXU_3_10.mp4
512,OVEe1DMsOq0_43_52.mp4
513,pFSoWsocv0g_8_17.mp4
514,b24_bb57PPk_631_637.mp4
515,VU4qLrk5axA_40_58.mp4
516,rKF0ZW34FRk_41_54.mp4
517,uH8ObB_dyOk_159_166.mp4
518,rw9h_574HxE_229_236.mp4
519,htry5uxX0-Y_45_52.mp4
520,gWRRHV7DLV0_21_31.mp4
521,6ZZkO14S7GY_5_15.mp4
522,zv2RIbUsnSw_159_162.mp4
523,ljGcQocjSs4_38_60.mp4
524,TPD5wO_LEPU_2_6.mp4
525,jvxUeT1Nlb8_100_115.mp4
526,VahnQw2gTQY_298_305.mp4
527,f9_bP219ehQ_63_70.mp4
528,jZ8X8e7eRVk_24_27.mp4
529,QjI3Y8ZKSqs_30_38.mp4
530,nLz0QuerH1c_8_15.mp4
531,-t-ZWaJeH-o_0_15.mp4
532,HZ-BuDDmvVk_0_10.mp4
533,UXs3eq68ZjE_235_240.mp4
534,2jXxtQRy47A_30_38.mp4
535,muI1BFsdbdo_33_45.mp4
536,lw7pTwpx0K0_38_48.mp4
537,ePujnD4qJO0_62_77.mp4
538,e996zZ0uV_A_196_204.mp4
539,2YhDTpzxd3c_45_49.mp4
540,NjblUomxFQo_100_108.mp4
541,JntMAcTlOF0_50_70.mp4
542,UXs3eq68ZjE_209_214.mp4
543,fr9H1WLcF1A_256_261.mp4
544,1RchFBCT9JU_43_53.mp4
545,5OvgDatToBU_0_8.mp4
546,C12BRGGcd5E_101_117.mp4
547,vRC9sBNt9vs_10_16.mp4
548,inzk2fTUe1w_1_15.mp4
549,lvFYUmDSOvU_34_38.mp4
550,Ud3Qy8m6OxQ_52_62.mp4
551,JpjAgSvr42k_0_12.mp4
552,sb1dX5xAFvk_10_17.mp4
553,zzit5b_-ukg_5_20.mp4
554,xxHx6s_DbUo_216_222.mp4
555,_0nX-El-ySo_83_93.mp4
556,mJ9eRvxjLc4_0_16.mp4
557,Vn0Xv0fb1z4_18_30.mp4
558,VLBsAPZ2DDE_34_41.mp4
559,lKADopH3qFY_0_10.mp4
560,97JhYpoWxzY_0_4.mp4
561,6vC6AT27RUc_29_46.mp4
562,CTIKmoEigCI_3_30.mp4
563,vfktGc_qx-w_2_18.mp4
564,gtixLEvO2Us_0_6.mp4
565,8MVo7fje_oE_108_113.mp4
566,-zOrV-5vh1A_69_76.mp4
567,ZnLgsasu82g_71_81.mp4
568,MTjrZthHwJQ_2_11.mp4
569,_JVxurtGIhI_32_42.mp4
570,w9mqbwOIkVg_6_12.mp4
571,WeOU0Iba1Xg_1_30.mp4
572,umjc1CkO4JA_290_305.mp4
573,-DKuLXYoY3g_14_20.mp4
574,swJ0zhVJ8DU_15_21.mp4
575,-_hbPLsZvvo_19_26.mp4
576,vDhEpqfhVI0_0_8.mp4
577,0hyZ__3YhZc_388_394.mp4
578,n2NLoLNecgI_168_178.mp4
579,n016q1w8Q30_2_11.mp4
580,sv5YlZspb30_10_20.mp4
581,nCtZFOYAlvQ_44_49.mp4
582,DBvSfds3FH4_84_88.mp4
583,5zkCnHUnoYY_69_74.mp4
584,BVjvRpmHg0w_47_51.mp4
585,kBjUDCyDCuI_20_26.mp4
586,1mIyMRPV8kg_9_17.mp4
587,ACOmKiJDkA4_130_144.mp4
588,PeUHy0A1GF0_62_66.mp4
589,LuQ0KiMMhoI_49_64.mp4
590,HmVPxs4ygMc_44_53.mp4
591,zSPBC8EO6dY_132_140.mp4
592,IY1Fn796MoY_7_10.mp4
593,Ugb_uH72d0I_8_17.mp4
594,mCrRHP4LFmo_24_40.mp4
595,TIubRrkku-4_1_10.mp4
596,jcIrD7rNvTM_10_21.mp4
597,uiLr9bdOL0M_23_30.mp4
598,6FmN22YcVVE_11_18.mp4
599,gjVBEJGHrXk_26_38.mp4
600,VahnQw2gTQY_274_280.mp4
601,Afmc6FeN-hM_20_24.mp4
602,0hyZ__3YhZc_352_356.mp4
603,n_Z0-giaspE_437_447.mp4
604,8HB7ywgJuTg_131_142.mp4
605,WTf5EgVY5uU_15_19.mp4
606,WTf5EgVY5uU_108_116.mp4
607,ZvJvNcukZ4w_0_10.mp4
608,m1NR0uNNs5Y_123_129.mp4
609,NZWiKMZS_k8_39_48.mp4
610,0hyZ__3YhZc_279_283.mp4
611,N3A7944_UJw_63_70.mp4
612,1dYpcVv6n3Y_0_18.mp4
613,haJn6k5zVnE_1_23.mp4
614,XNzXXiE6qR4_0_10.mp4
615,zv2RIbUsnSw_335_341.mp4
616,5XxshEdcfAM_85_100.mp4
617,jv-eV6jR3Qw_7_12.mp4
618,kI6MWZrl8v8_149_161.mp4
619,5CU2JhYM8tY_14_45.mp4
620,9LHg5RUGukI_58_63.mp4
621,WPG-BIWOrG4_755_761.mp4
622,s20OlIRK340_147_174.mp4
623,2G9fkvBzzQE_10_20.mp4
624,t4aPGtx7e6k_0_10.mp4
625,H9Oplnr8WcE_24_34.mp4
626,TF6LNmwDr_0_2_10.mp4
627,s7znbqra118_91_97.mp4
628,PHDmVhShE80_36_46.mp4
629,krAk8WPZRL4_207_212.mp4
630,ETUJipdnfOM_0_5.mp4
631,mmSQTI6gMNQ_120_128.mp4
632,4zPSShqsq-o_3_16.mp4
633,aeA-HN7BMdo_52_58.mp4
634,Okg8QYhdtvU_73_92.mp4
635,04Gt01vatkk_308_321.mp4
636,0lh_UWF9ZP4_148_155.mp4
637,0bSz70pYAP0_5_15.mp4
638,Tied-t1fFsk_15_20.mp4
639,nV3Wv8iHp4U_0_38.mp4
640,kWLNZzuo3do_38_47.mp4
641,DKZg4kIEa0A_31_36.mp4
642,-_aaMGK6GGw_57_61.mp4
643,wNv74rvkAw8_30_40.mp4
644,mZVPkPqwzR4_38_45.mp4
645,ywMLb2VfHbI_13_20.mp4
646,RjpbFlOHFps_8_25.mp4
647,yyxtyCaEVqk_321_328.mp4
648,tZmDWltBziM_42_47.mp4
649,Fe4tO5vW9_E_64_70.mp4
650,8mSUD7JGNO0_174_181.mp4
651,PeUHy0A1GF0_28_32.mp4
652,-bjOB4zS0uE_100_105.mp4
653,hJFBXHtxKIc_163_168.mp4
654,EKL6elkbFy0_16_30.mp4
655,c_XV7nPoRg8_2_12.mp4
656,6KS8R3RxrV8_0_23.mp4
657,d7eGypGOlOc_13_22.mp4
658,AEKPjVHSVZc_0_12.mp4
659,-AwoiGR6c8M_10_14.mp4
660,z0Si1XxMibg_0_30.mp4
662,zHy7pM0U49w_110_116.mp4
663,1qV4wfjTYIo_151_164.mp4
664,wn9rDTZj-m4_8_18.mp4
665,W8l_ezoU8Lc_76_86.mp4
666,JsD6uEZsIsU_45_58.mp4
667,6owu8Mow0_g_692_697.mp4
668,Hd-NeIhbYGc_28_31.mp4
669,UqBafx3iRKw_22_29.mp4
670,x1i0UOssll8_141_151.mp4
671,2I20ZTFHheg_96_104.mp4
672,dc4UltkRJsw_53_59.mp4
673,Qwn0Ni9G5ow_64_69.mp4
674,zBrC1GmA0Qg_26_33.mp4
675,LF51fban_x4_300_325.mp4
676,8D_oQnBPfNo_43_50.mp4
677,H7vezmDeZaw_2_7.mp4
678,WTf5EgVY5uU_33_39.mp4
679,lmCrIZeob4w_23_26.mp4
680,qLwgb3F0aPU_298_305.mp4
681,QA_JTtM1hKA_5_15.mp4
682,jLgmCY1fEE8_16_26.mp4
683,JledeVyklPw_1_6.mp4
684,RX6NSOuCCAE_13_27.mp4
685,htWPOGTagec_2_18.mp4
686,sXyjCgR0rAc_0_11.mp4
687,YXixZrSxefk_17_48.mp4
688,rw9h_574HxE_251_254.mp4
689,21uB8g-jDZI_70_79.mp4
690,BE_uxYK9uz0_49_56.mp4
691,NbOlG7THecM_25_34.mp4
692,-rkErLY0rRc_63_67.mp4
693,xfRIRSWy0y0_10_20.mp4
694,qhknaG9ifbs_122_127.mp4
695,UnWgz-mVMXU_2_6.mp4
696,seTkGZlEU64_81_110.mp4
697,WTf5EgVY5uU_100_104.mp4
698,TsagxA4DKuc_28_41.mp4
699,3SKyc0aKx70_46_52.mp4
700,OxL9z2BzBnk_0_19.mp4
701,X4yzrIc072w_4_20.mp4
702,a1Y73sPHKxw_0_5.mp4
703,BOv-2HzNPaA_7_12.mp4
704,gvVsgOK1iJw_32_38.mp4
705,ByGspTdA1ug_16_24.mp4
706,0hyZ__3YhZc_289_295.mp4
707,7OGizkf_JEo_191_194.mp4
708,g2IYQq7IkXc_23_32.mp4
709,0sUL0KCIc48_15_25.mp4
710,Gn4Iv5ARIXc_37_40.mp4
711,fw8qvK67jYY_50_97.mp4
712,6t0BpjwYKco_240_247.mp4
714,zuYZ5kPatJE_78_116.mp4
715,0vmoZEaN_-o_5_21.mp4
716,GlW6n43pUQA_0_12.mp4
717,5P6UU6m3cqk_57_75.mp4
718,Kms3EXosNS0_8_17.mp4
719,o4pL7FObqds_72_78.mp4
720,k5OKBX2e7xA_19_32.mp4
721,9LSuyLyuUiM_3_6.mp4
722,-_hbPLsZvvo_172_179.mp4
723,AjZ-R3LFMzo_5_10.mp4
724,0k1Ak8aTMVI_4_12.mp4
725,Ya-MkA187c8_36_45.mp4
726,QklHhN8pQBE_0_10.mp4
727,pfQPRXcihkI_127_138.mp4
728,74tRCYS_534_49_57.mp4
729,77iDIp40m9E_119_123.mp4
730,Ow_o78zjo14_42_57.mp4
731,5HAf_INrFy0_3_25.mp4
732,eoP-SCgYM2w_49_60.mp4
733,swKrHEeOj9c_4_8.mp4
734,YmXCfQm0_CA_7_16.mp4
735,Lr8ds5iY5uk_8_15.mp4
736,HPFLN5azwtA_56_63.mp4
737,FGjtmhI-Rmk_30_37.mp4
738,DB-3-TVjrxU_58_75.mp4
739,WFNXwor69-U_33_40.mp4
740,uGDuIyfJXXg_23_33.mp4
741,yAD_TS5L2d4_4_11.mp4
742,klFyrnrUSck_63_73.mp4
743,_O9kWD8nuRU_50_56.mp4
744,DDtX5a-OgLQ_1_15.mp4
745,a28s_wyqkyc_68_77.mp4
746,-8y1Q0rA3n8_95_102.mp4
747,HN-ccxID8IM_3_10.mp4
748,qDjtN7xxNr4_44_51.mp4
749,4QdX5Q3qQsQ_38_44.mp4
750,NUYu9c9XsgY_7_21.mp4
751,jmoT2we_rqo_0_5.mp4
752,PCXHuseKwDc_17_20.mp4
753,vz71JKcpeUU_0_10.mp4
754,SZP3Jpbbwj0_52_59.mp4
755,fMXfphSi6Yw_7_12.mp4
756,o4OsYxsNGMI_77_82.mp4
757,BefkDBj5gSw_104_109.mp4
758,q3I3R_gqy8M_34_37.mp4
759,6q1dX6thX3E_286_295.mp4
760,Dgf0VHMEtNs_57_66.mp4
761,KPPCwmU5OHQ_56_62.mp4
762,RMznbCn5sQs_0_10.mp4
763,PECk9A-07Pw_1_9.mp4
764,5E66Gk3V1Bc_23_30.mp4
765,WWf0Z6ak3Dg_5_15.mp4
766,tzd3AYTZq0U_0_6.mp4
767,4Tn5S48sCwg_110_118.mp4
768,Li3umATsU0E_1_5.mp4
769,m1NR0uNNs5Y_224_230.mp4
770,AKVBK-0veE8_5_12.mp4
771,rwHT2SuNOi8_195_201.mp4
772,8yS2wqwActs_2_14.mp4
773,PJnJMp2ZpbA_3_15.mp4
774,XzCcRzEa83U_39_46.mp4
775,4QYPZM01xFE_14_26.mp4
776,y8SDRc4IOjs_94_99.mp4
777,MSrJTeKNzdI_32_36.mp4
778,ACOmKiJDkA4_175_182.mp4
779,2KrdBUFeFtY_22_27.mp4
780,6t0BpjwYKco_71_76.mp4
781,5dZ8PXABC30_14_20.mp4
782,Wv3u2q3oGeU_35_45.mp4
783,ZlX_Gy4HP2E_38_55.mp4
784,hNOzHvsEmg4_31_36.mp4
785,6t0BpjwYKco_53_59.mp4
786,5U3xz9Ovmhk_214_222.mp4
787,zxB4dFJhHR8_1_9.mp4
788,xgIIcPSh4EU_0_6.mp4
789,9LHg5RUGukI_63_68.mp4
790,2YhDTpzxd3c_149_154.mp4
791,FxIuFwMhOu8_18_26.mp4
792,u9prcUCHlqM_73_80.mp4
793,nYwbAb0QvBE_195_210.mp4
794,_6OTzzK7t9Y_158_170.mp4
795,VahnQw2gTQY_322_327.mp4
796,4wT7zM8XgXQ_5_11.mp4
797,WqQonRVs7WA_0_10.mp4
798,kWLNZzuo3do_145_151.mp4
799,nZSFn51l3hc_318_326.mp4
800,hJFBXHtxKIc_286_291.mp4
801,BIqVvRh_cEY_143_149.mp4
802,Ixw6wmoC_xg_116_126.mp4
803,RJNBxdDQOw4_13_26.mp4
804,cR2yi-JnGcQ_8_16.mp4
805,He7Ge7Sogrk_47_70.mp4
806,lSnWhsmlGec_5_10.mp4
807,q5ZRMvjzhXQ_15_29.mp4
808,fKqBnl8D1Qo_5_44.mp4
809,-wa0umYJVGg_139_157.mp4
810,7bcV-TL9mho_0_7.mp4
811,KIEWo_xJ5nU_0_7.mp4
812,9HTUcMjWB3g_134_138.mp4
813,pGCRurvXQGM_45_56.mp4
814,fvBs0xpEZhQ_10_30.mp4
815,GMuijLIJH-U_1_10.mp4
816,_ZwwKOzpt2I_69_76.mp4
817,v_tGw5gwlEw_136_152.mp4
818,2YhDTpzxd3c_223_232.mp4
819,TvBsaMgqh5s_61_68.mp4
820,fBA_lxUiwSg_2_4.mp4
821,PeUHy0A1GF0_78_85.mp4
822,mF6ijhSrbBQ_32_40.mp4
823,cFzSEIGrEfA_0_24.mp4
824,NNYLo1OeZ-Q_48_54.mp4
825,xtbsD3PUua4_174_185.mp4
826,7M-jsjLB20Y_11_30.mp4
827,A6XrTsLsUbA_4_15.mp4
828,cUW_bXll6YM_390_395.mp4
829,aQWCKcg0VRU_321_339.mp4
830,aN0WsBcja_E_0_15.mp4
831,P4IjNV3lZkQ_136_144.mp4
832,4VLrxtf7Z_8_0_7.mp4
833,yFPHhRat6bc_160_210.mp4
834,omIPdpxg--4_39_46.mp4
835,gHyXstpe_N8_116_125.mp4
836,3FnUTQMJVXI_31_36.mp4
837,NKtfKR4GNjU_0_20.mp4
838,62I8I4sCPPQ_12_30.mp4
839,0xx13BuvVmo_25_36.mp4
840,TnPOZVHB3x0_45_55.mp4
841,Sj6GSmDpNDw_0_12.mp4
842,TgFmoZj3NoM_10_18.mp4
843,B4foOe9kUgY_0_8.mp4
844,0I4VKj4d0WI_24_40.mp4
845,q3I3R_gqy8M_73_79.mp4
846,IhwPQL9dFYc_50_59.mp4
847,-joBOHlg5J0_72_80.mp4
848,ymC2bNi6-Is_9_19.mp4
849,v7iIZXtpIb8_5_15.mp4
850,YmXCfQm0_CA_68_75.mp4
851,uZEGu-TA2cU_42_58.mp4
852,W1052h2rzoA_91_98.mp4
853,hNECyt6Bo0A_5_10.mp4
854,clpgffj3sUw_1_12.mp4
855,cSDkshD2ME0_12_15.mp4
856,9gbUM9oHBNI_557_563.mp4
857,lfGlDg47How_93_98.mp4
858,Z-An1QQ66f0_13_25.mp4
859,IhwPQL9dFYc_137_143.mp4
860,yd8jh9QYfEs_4_10.mp4
861,-s4-6QTT7HE_235_241.mp4
862,msCidKHOh74_410_418.mp4
863,izU1dDwnuMY_80_92.mp4
864,C2rDp6FnbP0_10_17.mp4
865,39Ce7I6nXIw_96_104.mp4
866,HAjwXjwN9-A_16_24.mp4
867,hJFBXHtxKIc_225_230.mp4
868,c2a0GcoJAjw_107_129.mp4
869,0lh_UWF9ZP4_178_182.mp4
870,5fq9iIxxA1s_12_27.mp4
871,IBgsLmDcL78_80_84.mp4
872,504gE1DA_4g_1_6.mp4
873,x68Djm_Q0GA_0_10.mp4
874,06CbMa0kDr8_3_13.mp4
875,LyYJiKxHZz0_0_10.mp4
876,WqwcWk1In_g_46_54.mp4
877,Q6HuQEIJqcA_9_16.mp4
878,bnN_o0Hkn3M_73_80.mp4
879,Ar70p1_LcfM_2_20.mp4
880,rq2p5ML8-WI_63_69.mp4
881,yId1rg5-ac0_40_50.mp4
882,UoPU8F9mus8_258_262.mp4
883,_OBlgSz8sSM_15_32.mp4
884,LacBy2NT3YQ_12_17.mp4
885,IiIiY6o-C9k_49_55.mp4
886,D1tTBncIsm8_725_740.mp4
887,cnsjm3fNEec_4_10.mp4
888,Xwrl4htUPjo_22_38.mp4
889,3chNlP5TeO8_0_10.mp4
890,WTf5EgVY5uU_32_52.mp4
891,Q-soOsOLIGQ_0_22.mp4
892,Tm1HjqK0ABg_9_15.mp4
893,-dm-ds5rRaM_44_52.mp4
894,V6Fxclwdfxc_1_11.mp4
895,FwCmcZpkk-k_22_32.mp4
896,Jxw16bqzVqE_18_28.mp4
897,tqxRDVKtkSY_30_45.mp4
898,uVPnDJKt1M0_0_6.mp4
899,Kxa0mnDj0bs_113_124.mp4
900,onW5hJXnI5s_10_16.mp4
901,msCidKHOh74_392_399.mp4
902,s0hwEUC5emA_127_132.mp4
903,LLkehH86ABY_30_36.mp4
904,UgUFP5baQ9Y_0_7.mp4
905,8yoUaH6wGLs_22_30.mp4
906,W8_63NiTENw_23_30.mp4
907,xxHx6s_DbUo_49_56.mp4
908,hW8TKz2Aea4_5_12.mp4
909,Lt1JijkvSKk_0_10.mp4
910,SaYwh6chmiw_15_40.mp4
911,yg4aNiO1JnI_111_114.mp4
912,iUYWdCxvJCI_2_14.mp4
913,_sJ_09Mf1HY_49_72.mp4
914,0hyZ__3YhZc_632_637.mp4
915,fIaLVw_Gc_w_99_109.mp4
916,klFyrnrUSck_25_36.mp4
917,xBW_uR3kGr4_42_55.mp4
918,8PQiaurIiDM_143_151.mp4
919,TxzxPyfsSxY_0_10.mp4
920,nHZsE7T7hwI_13_23.mp4
921,ACOmKiJDkA4_75_81.mp4
922,ApYvvQK7bBc_6_32.mp4
923,WpB4-eLyiBc_10_20.mp4
924,q6vz80UkVtw_0_7.mp4
925,GnwKcpfr_ng_10_20.mp4
926,3mbBbFH9fAg_21_29.mp4
927,IhwPQL9dFYc_171_175.mp4
928,IpHJffM3G1c_439_446.mp4
929,elQqQfux7Po_12_22.mp4
930,yYA7YXIKbg4_9_14.mp4
931,R0e8ojL0vcc_8_14.mp4
932,p69d3UBdpR8_98_109.mp4
933,X7sQq-Iu1gQ_12_22.mp4
934,71soiLO6I9U_15_24.mp4
935,yyxtyCaEVqk_250_264.mp4
936,X_NLV2KCnIE_60_70.mp4
937,bruzcOyIGeg_4_12.mp4
938,otvx5OZHTJc_1_22.mp4
939,o4pL7FObqds_137_147.mp4
940,0lh_UWF9ZP4_50_60.mp4
941,5K7Ru5s6YIw_8_11.mp4
942,JsmHZlUgf1w_0_21.mp4
943,YEmS8ZQIhTA_7_20.mp4
944,FCjpuJaUec0_19_26.mp4
945,ybVb3t560oY_0_9.mp4
946,YmXCfQm0_CA_277_284.mp4
947,Zqmx-nXhLAg_0_10.mp4
948,Ted3imMggC0_48_58.mp4
949,CwPfvoqmV1Q_58_61.mp4
950,UXs3eq68ZjE_194_200.mp4
951,BApIQn69EVE_10_16.mp4
952,_1vy2HIN60A_32_40.mp4
953,SzEbtbNSg04_111_117.mp4
954,YZ0-6hdQ0mU_0_3.mp4
955,0lh_UWF9ZP4_157_160.mp4
956,m1NR0uNNs5Y_73_78.mp4
957,ibSwITK4jjQ_14_24.mp4
958,xTd_IdIcB4s_2_10.mp4
959,77iDIp40m9E_3_9.mp4
960,1dfR0A_BXjw_441_448.mp4
961,JAFGw0WRHHU_108_116.mp4
962,2FLsMPsywRc_45_63.mp4
963,4Hhdr1IPOGs_90_98.mp4
964,r0rmrbTb7fU_98_109.mp4
965,WPG-BIWOrG4_130_134.mp4
966,BVjvRpmHg0w_157_165.mp4
967,yfMTsYcLt10_0_7.mp4
968,KUc1cWKXjDc_20_30.mp4
969,sBjr8UJOpsQ_181_195.mp4
970,ge7OOILJA6U_20_25.mp4
971,nau1vCzyFQ4_37_54.mp4
972,93n_oYVCLpk_9_12.mp4
973,-FugkxLmGO4_5_16.mp4
974,CquJjlNuotg_147_155.mp4
975,9HTUcMjWB3g_143_151.mp4
976,ArEWo8pERFc_17_21.mp4
977,X6uJyuD_Zso_3_17.mp4
978,u9prcUCHlqM_503_511.mp4
979,5U3xz9Ovmhk_9_15.mp4
980,4D1o4FC8YbA_207_216.mp4
981,V--abChiVVc_30_40.mp4
982,0lh_UWF9ZP4_79_82.mp4
983,-wa0umYJVGg_100_115.mp4
984,-_hbPLsZvvo_269_275.mp4
985,Je3V7U5Ctj4_558_563.mp4
986,VahnQw2gTQY_315_320.mp4
987,lR8RrUBhCQg_5_15.mp4
988,lFdg5CWMTt0_24_28.mp4
989,kWLNZzuo3do_56_62.mp4
990,VuCFgiWfVF4_0_6.mp4
991,-Cv5LsqKUXc_17_25.mp4
992,xxHx6s_DbUo_121_128.mp4
993,INDhUwDMg-4_220_227.mp4
994,iarsmqA3dck_19_25.mp4
995,nPj6EcVGoUY_7_15.mp4
996,5W02895vT8c_312_322.mp4
997,98Alrg4pFXs_148_153.mp4
998,ZbtpcGi2DWY_161_170.mp4
999,TZ860P4iTaM_10_24.mp4
1000,BAf3LXFUaGs_28_38.mp4
1001,i3cHNObcEh8_0_10.mp4
1002,FWzsXeXCwuc_111_116.mp4
1003,K-KVz3eqbnA_1_10.mp4
1004,3doK4FQM5-k_46_57.mp4
1005,9WpJxn-2h1o_122_150.mp4
1006,ItFqogTmAvQ_48_52.mp4
1007,-_hbPLsZvvo_211_219.mp4
1008,UI3Cbj9fbxQ_2_23.mp4
1009,FA3OfhJK0mI_195_203.mp4
1010,o2X6UCaNqKA_27_36.mp4
1011,BtQEY2SL4g4_11_16.mp4
1012,sFExO_PW22s_10_18.mp4
1013,KqKUXRHHkCc_101_105.mp4
1014,yvfhk1kwKls_103_113.mp4
1015,ok4cM6WTA5E_142_150.mp4
1016,dEn5E-TNezw_13_23.mp4
1017,oDcd2JbOyzg_85_98.mp4
1018,veE0E79dEEc_18_45.mp4
1019,yBK02O1Oewc_20_35.mp4
1020,TwQzFqBqgeA_0_10.mp4
1021,mHv4iJ9Yr1g_10_16.mp4
1022,fkONJEgTNJY_25_35.mp4
1023,rw9h_574HxE_13_18.mp4
1024,r2PM0om2El8_18_25.mp4
1025,UXs3eq68ZjE_313_318.mp4
1026,iEW-EkPQywU_61_83.mp4
1027,PeUHy0A1GF0_51_55.mp4
1028,8yuPGwxwdPs_1_10.mp4
1029,shPymuahrsc_5_12.mp4
1030,EjAoBKagWQA_132_145.mp4
1031,IhwPQL9dFYc_124_129.mp4
1032,0hyZ__3YhZc_418_424.mp4
1033,kWLNZzuo3do_31_37.mp4
1034,-wa0umYJVGg_23_41.mp4
1035,l5JJ2n2ggiQ_319_327.mp4
1036,akXjIEoecNs_2_12.mp4
1037,xxHx6s_DbUo_173_177.mp4
1038,SaOqf2d-y30_22_27.mp4
1039,zFIn8DeV5PM_20_33.mp4
1040,6ZhKOK08tgM_45_49.mp4
1041,MHWxjWwAbwM_10_25.mp4
1042,OUII8_aOfNM_26_55.mp4
1043,953PkxFNiko_82_85.mp4
1044,sRKQfxxEP4M_117_125.mp4
1045,ok4cM6WTA5E_120_133.mp4
1046,6t0BpjwYKco_179_183.mp4
1047,5JLi7L1Kwp8_23_30.mp4
1048,a0g7wtBkS98_34_42.mp4
1049,vZa13vJugGU_0_30.mp4
1050,kKGehSw5ht8_39_45.mp4
1051,Hd-NeIhbYGc_43_48.mp4
1052,io2dbV-Qbus_215_247.mp4
1053,tIMDKdMnNYM_266_273.mp4
1054,wLUH7qA_6sA_90_115.mp4
1055,bQJQGoJF7_k_162_169.mp4
1056,Je3V7U5Ctj4_504_511.mp4
1057,EwTZ2xpQwpA_14_21.mp4
1058,2YhDTpzxd3c_240_245.mp4
1059,klteYv1Uv9A_27_33.mp4
1060,4_WZN7uW0NY_140_145.mp4
1061,Lyp7MiaCXNE_114_120.mp4
1062,pUPKsHTDZTo_70_85.mp4
1063,kWLNZzuo3do_154_165.mp4
1064,WPG-BIWOrG4_608_613.mp4
1065,08pVpBq706k_175_212.mp4
1066,QsvBYKaCXEc_5_15.mp4
1067,GcfWD62sbcs_13_33.mp4
1068,JK1R9k1WDpc_6_15.mp4
1069,ejgwQqCHN1E_7_12.mp4
1070,rw9h_574HxE_70_74.mp4
1071,UbmZAe5u5FI_60_70.mp4
1072,TjLCJKoot4U_43_65.mp4
1073,HYbEf-JKZnA_13_26.mp4
1074,1dA1RQgPN3c_72_82.mp4
1075,Ayh26v6Nies_17_22.mp4
1076,Y4gaJn0wlDE_0_10.mp4
1077,Z3XarHZ3HpY_10_17.mp4
1078,kWLNZzuo3do_25_32.mp4
1079,mmSQTI6gMNQ_15_21.mp4
1080,c53HKs39i28_26_35.mp4
1081,pRpeEdMmmQ0_65_70.mp4
1082,Z19zFlPah-o_6_11.mp4
1083,fMFvOgb4k6E_35_43.mp4
1084,6pcqRuFEMLs_46_52.mp4
1085,YmXCfQm0_CA_50_57.mp4
1086,EXyp0Q7L1zE_30_38.mp4
1087,q3I3R_gqy8M_38_42.mp4
1088,N6SglZopfmk_97_111.mp4
1089,Je3V7U5Ctj4_634_639.mp4
1090,ItFqogTmAvQ_389_395.mp4
1091,2YhDTpzxd3c_115_120.mp4
1092,zS50h-a8RTg_3_9.mp4
1093,30GeJHYoerk_121_126.mp4
1094,_yUiusXxfWI_150_165.mp4
1095,LQ-jv8g1YVI_1_6.mp4
1096,FvfjDQj5sOY_1_10.mp4
1097,AzMrltkXGJk_0_10.mp4
1098,BnJUWwSx1kE_11_22.mp4
1099,zSPBC8EO6dY_97_110.mp4
1100,6mYnZbIwcNo_10_16.mp4
1101,0lh_UWF9ZP4_165_170.mp4
1102,ACOmKiJDkA4_67_74.mp4
1103,K-czl524zxk_6_15.mp4
1104,0GXq1An3yHI_22_35.mp4
1105,229NvV0SRHw_0_5.mp4
1106,bXsKw3TOQXs_30_55.mp4
1107,BLXzfdNmydQ_151_156.mp4
1108,nULE40HEWpA_5_11.mp4
1109,kquB3rIgfGk_197_202.mp4
1110,4cgzdXlJksU_83_90.mp4
1111,0hyZ__3YhZc_562_568.mp4
1112,e996zZ0uV_A_68_72.mp4
1113,ZN2_czSBSD0_240_250.mp4
1114,lcu-DwrnYY8_2_5.mp4
1115,WZTGqvbqOFE_28_34.mp4
1116,KPPCwmU5OHQ_467_472.mp4
1117,SzEbtbNSg04_88_93.mp4
1118,qNjeEx92rTA_281_299.mp4
1119,Aa7yf9XtcJM_45_50.mp4
1120,zkTn5Ef1Oig_71_75.mp4
1121,WTf5EgVY5uU_16_24.mp4
1122,UbmZAe5u5FI_26_33.mp4
1123,k06Ge9ANKM8_5_16.mp4
1124,MY-rGamtAJc_6_22.mp4
1125,hReROJQpSow_24_30.mp4
1126,ficwZQYmRLE_5_20.mp4
1127,lfGlDg47How_361_367.mp4
1128,K1ZM0LSLVw8_481_487.mp4
1129,1_6V30igzIk_5_15.mp4
1130,30GeJHYoerk_80_85.mp4
1131,idRc_KkInds_0_6.mp4
1132,UbmZAe5u5FI_111_115.mp4
1133,AjZ-R3LFMzo_24_38.mp4
1134,QTAqjSbMkXU_65_75.mp4
1135,B-Lsf7ZKf5c_10_25.mp4
1136,sJC7E06IBXI_49_59.mp4
1137,nohvigNMsbo_199_207.mp4
1138,FH8vgAp4VDU_10_14.mp4
1139,n_Z0-giaspE_379_387.mp4
1140,ecm9gf2Pgkc_1_24.mp4
1141,q7pOFn8s4zc_263_273.mp4
1142,pzq5fPfsPZg_29_33.mp4
1143,ok4cM6WTA5E_178_184.mp4
1144,j2sOMdilDWU_87_97.mp4
1145,xXlWsBhFvis_6_10.mp4
1146,QVSt5USMkMg_43_50.mp4
1147,27hs9W89FuI_0_10.mp4
1148,qvg9eM4Hmzk_4_10.mp4
1149,BGG0uYWZBdw_6_12.mp4
1150,2L4oELbX8Ms_1_12.mp4
1151,WyIqGyj21Dk_0_10.mp4
1152,N2Cm0SLr0ZE_18_29.mp4
1153,tHLiYTS9Iz8_1_16.mp4
1154,tYh4iDFgmEE_50_54.mp4
1155,nq4hG6qgyPs_370_377.mp4
1156,pzq5fPfsPZg_145_160.mp4
1157,s80J2dAUUyI_33_43.mp4
1158,L9wD3kw-8FE_65_73.mp4
1159,HV12kTtdTT4_5_14.mp4
1160,2Nn2CAeaI5k_72_77.mp4
1161,F3pmw2ga244_59_65.mp4
1162,YXixZrSxefk_6_15.mp4
1163,z8dcUzdi2bw_3_16.mp4
1164,5l6acVf12S4_7_13.mp4
1165,WrsS6X-FB-I_30_47.mp4
1166,5-8z5U-o4O4_0_3.mp4
1167,R1UrFBF_0iU_35_41.mp4
1168,4PcL6-mjRNk_11_18.mp4
1169,ecVwxlXc1PQ_0_12.mp4
1170,fjDvKHkmxs0_72_87.mp4
1171,jCplbayVbtw_10_20.mp4
1172,1qU-kF-km1Q_6_16.mp4
1173,MW21lp833Vo_8_16.mp4
1174,p6T3XrnYtFk_4_13.mp4
1175,eyhzdC936uk_15_27.mp4
1176,Ce7equ9zCxk_4_19.mp4
1177,gqxpGOHUH9k_113_119.mp4
1178,G6w6kO8UPyg_31_41.mp4
1179,c51L6ZxZGjQ_137_154.mp4
1180,a-cek0mvXxE_15_25.mp4
1181,MICawzo1MqI_3_13.mp4
1182,dP15zlyra3c_0_10.mp4
1183,j7xz1nos-xc_10_20.mp4
1184,o_mWZWcm2r4_47_54.mp4
1185,hNPZmTlY_3Q_0_8.mp4
1186,KPPCwmU5OHQ_480_486.mp4
1187,zfQOH4UGU_I_1_10.mp4
1188,bxDlC7YV5is_0_12.mp4
1189,w28TljSqtW8_64_75.mp4
1190,NoCgvH4xZHo_240_251.mp4
1191,AX38yo7Wuws_81_91.mp4
1192,aA05I5QaZnM_66_75.mp4
1193,Okg8QYhdtvU_48_53.mp4
1194,ACOmKiJDkA4_161_170.mp4
1195,lGk1MA6YP-M_36_48.mp4
1196,FeTaKOPVaJg_15_25.mp4
1197,QGJy1K91gP4_90_100.mp4
1198,q8t7iSGAKik_11_31.mp4
1199,77iDIp40m9E_126_131.mp4
1200,HVR7KpItLfA_62_70.mp4
1201,W8l_ezoU8Lc_55_70.mp4
1202,ZdlG8fjGJlo_78_87.mp4
1203,-uT_1VDvXok_8_15.mp4
1204,ViWQUOGIaSU_9_16.mp4
1205,7ZE2OzguWHo_28_38.mp4
1206,_txL575S_OA_13_23.mp4
1207,R8FDJgVW3Vc_0_4.mp4
1208,dmyz_f8Sx14_56_66.mp4
1209,e-sf-hyrkTs_20_35.mp4
1210,1pw5ZdRhiig_50_59.mp4
1211,8PQiaurIiDM_94_99.mp4
1212,xxHx6s_DbUo_182_186.mp4
1213,NV6pq1W-I4g_7_16.mp4
1214,klFyrnrUSck_79_85.mp4
1215,Sg5rTYrkpnU_35_48.mp4
1216,TdYN7cePiRI_6_13.mp4
1217,E6sqA9QtV5I_195_201.mp4
1218,4UOVKok7j1U_1_8.mp4
1219,u4T76jsPin0_0_11.mp4
1220,qOiN__I1-Zo_2_8.mp4
1221,Z10_CDPQKKs_1_6.mp4
1222,xOQn1z_oWDY_30_39.mp4
1223,-mAoVOhKy0c_4_9.mp4
1224,nq4hG6qgyPs_240_251.mp4
1225,F1BwUJ4--Qw_21_38.mp4
1226,hPyU5KjpWVc_0_35.mp4
1227,ywHBKayhyvQ_19_28.mp4
1228,jjl2ZMdFCsw_130_142.mp4
1229,Je3V7U5Ctj4_997_1004.mp4
1230,p7IAuvd87hQ_12_19.mp4
1231,iwpnUHFhjWc_84_94.mp4
1232,WTf5EgVY5uU_121_135.mp4
1233,CulG2SMC7DU_14_25.mp4
1234,0vmoZEaN_-o_4_12.mp4
1235,9W6aQNcU3PA_92_103.mp4
1236,fr9H1WLcF1A_141_148.mp4
1237,zTn-nNj5Bng_8_19.mp4
1238,57C93mpt6Xo_358_368.mp4
1239,zbAk0gX7kas_16_24.mp4
1240,ptHkvYrH9fY_2_10.mp4
1241,edqyq4Q-7uU_103_109.mp4
1242,4t5POXt2e68_5_11.mp4
1243,-wa0umYJVGg_168_176.mp4
1244,ObBss94n3gI_35_46.mp4
1245,DIebwNHGjm8_27_38.mp4
1246,hJFBXHtxKIc_298_303.mp4
1247,0lh_UWF9ZP4_21_26.mp4
1248,p6cg2jWI34M_34_42.mp4
1249,cWOPC2kt_IA_8_16.mp4
1250,2mUMTFnQWaw_1_9.mp4
1251,e-j59PqJjSM_50_98.mp4
1252,o4pL7FObqds_243_263.mp4
1253,VZ6H73nH7xs_27_33.mp4
1254,klFyrnrUSck_87_100.mp4
1255,aM-RcQj0a7I_37_55.mp4
1256,gIvetX_oXeI_85_90.mp4
1257,e-j59PqJjSM_264_277.mp4
1258,IhwPQL9dFYc_143_147.mp4
1259,KFt5Zz5Mwlo_12_30.mp4
1260,mfJjIOfj6D8_3_10.mp4
1261,-_hbPLsZvvo_19_25.mp4
1262,MJoxGpEswOI_9_16.mp4
1263,Je3V7U5Ctj4_768_773.mp4
1264,po2tcrG6KzM_2_8.mp4
1265,n_Z0-giaspE_62_78.mp4
1266,cwkjJrGpoaU_30_41.mp4
1267,25NmudB2fqg_0_7.mp4
1268,z2kUc8wp9l8_40_46.mp4
1269,eKtsMfmQ_0s_61_68.mp4
1270,88DOMJ11q2M_84_87.mp4
1271,uO7Eysrs8_k_106_114.mp4
1272,UbmZAe5u5FI_36_40.mp4
1273,lAznAeFFldg_6_10.mp4
1274,jTnrm338_KY_34_42.mp4
1275,jI58q6rcNLc_8_18.mp4
1276,PeUHy0A1GF0_99_103.mp4
1277,9IrWyZ0KZuk_160_166.mp4
1278,6Q3ltyPJJMQ_67_72.mp4
1279,yyxtyCaEVqk_329_360.mp4
1280,6njscWrdnM0_8_18.mp4
1281,xxHx6s_DbUo_57_61.mp4
1282,kRNHJSc4AXE_220_228.mp4
1283,gHyXstpe_N8_140_150.mp4
1284,5PpPOGU_0aA_65_75.mp4
1285,gnEE6oWoz7U_124_132.mp4
1286,DuMkW35BwK8_43_47.mp4
1287,MoqC84sXu88_47_59.mp4
1288,qeKX-N1nKiM_68_72.mp4
1289,qeKX-N1nKiM_74_77.mp4
1290,CjvMNwpAFWM_56_66.mp4
1291,MWvCcwTw7Ac_78_86.mp4
1292,EPXsiQw9vvo_1_12.mp4
1293,D1tTBncIsm8_841_848.mp4
1294,g36ho6UrBz0_5_20.mp4
1295,k8l4ETsylVY_9_18.mp4
1296,J3_hkgu6MGc_43_52.mp4
1297,uB9zRlV47qA_17_23.mp4
1298,P2WM91LENgk_40_50.mp4
1299,9Bxknsvy3jQ_53_58.mp4
1300,SrDE9-cDz48_4_12.mp4
1301,bb6V0Grtub4_174_185.mp4
1302,mv89psg6zh4_33_46.mp4
1303,NjCqtzZ3OtU_62_67.mp4
1304,O_Pst-uryQI_1_14.mp4
1305,1dfR0A_BXjw_545_560.mp4
1306,sBjr8UJOpsQ_149_169.mp4
1307,9LOJmQQktHA_10_18.mp4
1308,4ikH9ZRcF2Q_89_105.mp4
1309,aeA-HN7BMdo_34_41.mp4
1310,-rkErLY0rRc_26_35.mp4
1311,Je3V7U5Ctj4_569_576.mp4
1312,pfQPRXcihkI_160_184.mp4
1313,zlS1_zBYluY_15_21.mp4
1314,JnNe61UZsdM_78_88.mp4
1315,kWLNZzuo3do_192_196.mp4
1316,LjimLwAhAOQ_5_15.mp4
1317,WTf5EgVY5uU_18_23.mp4
1318,hJuqBDw_TT4_14_25.mp4
1319,OE6H_M52Sng_89_97.mp4
1320,gCra4qOrjFw_1_17.mp4
1321,cs33MNhpRNw_16_21.mp4
1322,05gNigkqfNU_24_32.mp4
1323,ACOmKiJDkA4_57_65.mp4
1324,GnwKcpfr_ng_47_57.mp4
1325,KPPCwmU5OHQ_258_266.mp4
1326,X98fLZHIzWQ_15_20.mp4
1327,2F9jX7u5nOg_114_130.mp4
1328,88DOMJ11q2M_34_43.mp4
1329,giLxPCgLLqg_9_19.mp4
1330,zkTn5Ef1Oig_70_75.mp4
1331,-DRy7rBg0IQ_31_37.mp4
1332,hksxtbcS780_7_14.mp4
1333,bxjFqtfJlMs_18_27.mp4
1334,_SNE2MYAotU_41_49.mp4
1335,ysTmUTQ5wZE_17_45.mp4
1336,pNelR-nHz7g_68_90.mp4
1337,4MjTb5A68VA_111_118.mp4
1338,zSPBC8EO6dY_122_126.mp4
1339,FeTaKOPVaJg_60_70.mp4
1340,RieF9wrFd8s_1_8.mp4
1341,WTf5EgVY5uU_104_108.mp4
1342,IhwPQL9dFYc_153_170.mp4
1343,wzfkC2TjdeQ_0_31.mp4
1344,9zXqkHvs0po_59_65.mp4
1345,0piwbTivpDg_10_40.mp4
1346,q-a6NEotUX8_5_10.mp4
1347,hM3jzlyNIpc_0_10.mp4
1348,GWQTAe64m-0_91_94.mp4
1349,Rm-RnxN4oHA_215_225.mp4
1350,MqS82kBtUHQ_0_12.mp4
1351,2xpIT0L4GqE_1_10.mp4
1352,OIjsSu_I4So_6_10.mp4
1353,qew09qQgMAg_22_27.mp4
1354,1Dty_eGY9Ec_123_133.mp4
1355,ITNh8tWZPOA_5_25.mp4
1356,HDcIB1e9s5A_28_34.mp4
1357,PugziVUikEg_117_140.mp4
1358,nwk4m329bLw_2_10.mp4
1359,HypgcCT1r68_38_46.mp4
1360,YAud4eS3DoA_54_65.mp4
1361,3ftaoFnhTyY_140_150.mp4
1362,-_hbPLsZvvo_288_305.mp4
1363,NoCgvH4xZHo_68_74.mp4
1364,jlahRlo4jlU_30_36.mp4
1365,ao-9B8IV9_E_37_44.mp4
1366,Nd45qJn61Dw_0_10.mp4
1367,JXSkYkiKO0I_42_46.mp4
1368,mFCf8lLXrUc_25_35.mp4
1369,ScdUht-pM6s_53_63.mp4
1370,K2LxyytY3Dw_104_112.mp4
1371,Y4BeJ-64294_20_30.mp4
1372,tn1d5DmdMqY_15_28.mp4
1373,qqYysi3qotc_148_195.mp4
1374,D2FbgK_kkE8_121_151.mp4
1375,bLqmf8x7rLI_2_8.mp4
1376,QOmrchUPnBs_10_20.mp4
1377,3opDcpPxllE_50_66.mp4
1378,_JorUS-8Nlg_63_73.mp4
1379,rw9h_574HxE_161_166.mp4
1380,zWVQImPY2Cc_27_44.mp4
1381,uAaWVeaYLdQ_1_12.mp4
1382,iuqVpMdb1NM_35_43.mp4
1383,ZxqkAGNyo8A_12_22.mp4
1384,ZdNP0dXCx2I_78_90.mp4
1385,kWLNZzuo3do_24_31.mp4
1386,KPPCwmU5OHQ_227_238.mp4
1387,bK-i_FAcpoY_86_92.mp4
1388,GEXqMH8I3_w_63_68.mp4
1389,PiyoeFC31kE_9_27.mp4
1390,e996zZ0uV_A_152_163.mp4
1391,5dv8MSWlxoQ_10_40.mp4
1392,5CS4nLI2ZX8_50_59.mp4
1393,puineN1UMto_25_29.mp4
1394,ulPvRmNfXK4_96_100.mp4
1395,6vSKIUGGLvY_81_87.mp4
1396,4xVGpDmA4lE_23_33.mp4
1397,kBMsuhDvg88_45_64.mp4
1398,-wa0umYJVGg_117_123.mp4
1399,SKhmFSV-XB0_12_18.mp4
1400,GtrTNldo0LI_33_46.mp4
1401,DBvSfds3FH4_76_80.mp4
1402,L6dEUQ6WiHY_171_186.mp4
1403,m1NR0uNNs5Y_192_198.mp4
1404,_O9kWD8nuRU_16_23.mp4
1405,u9E9HpuJQ7U_29_43.mp4
1406,MrQd1zUVRUM_103_110.mp4
1407,W20Btaww6zc_134_139.mp4
1408,30GeJHYoerk_63_75.mp4
1409,E61HNXjgyqA_22_32.mp4
1410,8mSUD7JGNO0_198_204.mp4
1411,Td29-SApubM_48_57.mp4
1412,s1ZABV7AQdA_38_48.mp4
1413,TZ860P4iTaM_15_28.mp4
1414,JsD6uEZsIsU_1_47.mp4
1415,ACOmKiJDkA4_23_30.mp4
1416,UDwvax7K57c_28_35.mp4
1417,otLEUwHao_E_140_151.mp4
1418,gbUhorqLCzU_10_23.mp4
1419,h0JvF9vpqx8_36_42.mp4
1420,KPPCwmU5OHQ_424_430.mp4
1421,d7Gs0uGFLh0_5_13.mp4
1422,klFyrnrUSck_13_19.mp4
1423,nlU3crMsbWI_19_23.mp4
1424,4ge5_V-xhP0_35_42.mp4
1425,SzEbtbNSg04_70_85.mp4
1426,kWLNZzuo3do_251_260.mp4
1427,2LgrGHWSy6k_122_135.mp4
1428,0lh_UWF9ZP4_191_197.mp4
1429,0lh_UWF9ZP4_183_190.mp4
1430,Ms3QdGIzltU_1_16.mp4
1431,nc0fVlaTYEs_34_44.mp4
1432,WTf5EgVY5uU_98_104.mp4
1433,_WRC7HXBJpU_360_370.mp4
1434,CHVhwcOg6y8_1_12.mp4
1435,jjl2ZMdFCsw_17_35.mp4
1436,ao-9B8IV9_E_108_119.mp4
1437,6r5DmFa5ZR8_51_58.mp4
1438,oG6LLGi_n48_51_55.mp4
1439,fVWUaH2mCt4_1_7.mp4
1440,Goj131_GxYs_2_7.mp4
1441,emblM4a76jg_5_15.mp4
1442,nBFhvrAOFqY_89_103.mp4
1443,gXVaC3gBWbc_22_30.mp4
1444,xaPepCVepCg_35_46.mp4
1445,4s_0-zIWEog_1_15.mp4
1446,u4kMN1jamdM_10_20.mp4
1447,_O9kWD8nuRU_37_43.mp4
1448,05gNigkqfNU_11_23.mp4
1449,6ZhKOK08tgM_225_233.mp4
1450,AE9UaQwum8c_0_10.mp4
1451,LqPIBHAmt4E_22_30.mp4
1452,nTUONeDqhdk_10_15.mp4
1453,1QVn0FffExM_14_24.mp4
1454,2YhDTpzxd3c_174_180.mp4
1455,SzEbtbNSg04_71_93.mp4
1456,-8y1Q0rA3n8_108_115.mp4
1457,-vKO3uSG6Do_3_14.mp4
1458,VahnQw2gTQY_288_293.mp4
1459,8MVo7fje_oE_113_118.mp4
1460,hEOGZoYSvT4_82_86.mp4
1461,dhxE9CNeVeY_0_12.mp4
1462,gqSOvUH_njE_151_155.mp4
1463,tPkZK-PzeQE_10_28.mp4
1464,xEDCfcMZlZY_37_41.mp4
1465,W_iR4YVCxUY_8_15.mp4
1466,gbW9f8xydks_0_10.mp4
1467,kWLNZzuo3do_167_181.mp4
1468,dtn0PuxgfkM_0_5.mp4
1469,PBHZtoygOYg_450_465.mp4
1470,Xvy21KrDv8I_0_10.mp4
1471,0lh_UWF9ZP4_94_103.mp4
1472,sJSmRik2c-c_1_7.mp4
1473,uJPupV4oLZ0_4_12.mp4
1474,IhwPQL9dFYc_130_136.mp4
1475,t8Nf1MK7lts_0_10.mp4
1476,zHy7pM0U49w_103_109.mp4
1477,iyAoiWeD53k_120_127.mp4
1478,MW21lp833Vo_143_149.mp4
1479,Q7H9mI9dtMY_20_34.mp4
1480,EpMuCrbxE8A_107_115.mp4
1481,5OuYhq6Zl0g_0_10.mp4
1482,cM55xNJ_pfU_1_20.mp4
1483,o_mWZWcm2r4_10_15.mp4
1484,KeSQ5Rv7eH8_73_79.mp4
1485,Kxa0mnDj0bs_15_20.mp4
1486,PD6eQY7yCfw_32_37.mp4
1487,60x_yxy7Sfw_1_7.mp4
1488,6GJ1DNOGDAM_223_233.mp4
1489,pqTWUzehCUM_42_47.mp4
1490,ul9Xvjt83eI_111_120.mp4
1491,Gw0FU733zzg_58_66.mp4
1492,oDcd2JbOyzg_38_55.mp4
1493,x_7BrCQdVUs_172_177.mp4
1494,T6lPRKRpu9w_32_39.mp4
1495,FOOM-wA2rOY_77_86.mp4
1496,5U3xz9Ovmhk_99_105.mp4
1497,H1Bok7Dg7g8_21_26.mp4
1498,9BScZRpF7SI_31_36.mp4
1499,FHwC2THZJfA_0_10.mp4
1500,lv8d_qLLqsk_1_20.mp4
1501,eZLxohGP4IE_15_25.mp4
1502,4Hhdr1IPOGs_1_10.mp4
1503,UXs3eq68ZjE_250_255.mp4
1504,BE_uxYK9uz0_150_168.mp4
1505,fjDvKHkmxs0_119_126.mp4
1506,27mxaePkYB4_8_14.mp4
1507,O9yLRzpPp44_36_55.mp4
1508,2YhDTpzxd3c_98_101.mp4
1509,ri5AyXzxb4o_201_215.mp4
1510,hWhKdXcqYeU_3_12.mp4
1511,lKpGc3SCSVw_12_20.mp4
1512,vub04F8CWng_32_41.mp4
1513,IiIiY6o-C9k_59_64.mp4
1514,uxEhH6MPH28_69_85.mp4
1515,Gh4Beb8StFM_29_50.mp4
1516,6sKdTbRkahM_6_12.mp4
1517,fd7Ky1lEPT8_40_50.mp4
1518,5YJaS2Eswg0_22_26.mp4
1519,ZYaxg5NZW_g_21_27.mp4
1520,ggWzbEFC-RE_1_11.mp4
1521,jW77z3-SrO4_56_63.mp4
1522,FavUpD_IjVY_22_26.mp4
1523,zCf8NWJ8kzA_47_52.mp4
1524,TFJ6oR89Vb8_90_107.mp4
1525,ufFT2BWh3BQ_0_8.mp4
1526,XdB0pVjFYoU_1_8.mp4
1527,labytsb3gfI_146_154.mp4
1528,QsC8__3lwO0_50_60.mp4
1529,D9I1Z6O_mbw_141_146.mp4
1530,fgWFxFg7-GU_10_26.mp4
1531,x8Ul09tk6zk_0_8.mp4
1532,mtrCf667KDk_134_176.mp4
1533,eTnlw7v8ea0_36_50.mp4
1534,eroAmLZ85DI_28_35.mp4
1535,QhRqJp-CgEs_7_14.mp4
1536,xxHx6s_DbUo_202_207.mp4
1537,FoL7aWvpvNs_199_204.mp4
1538,m1NR0uNNs5Y_88_94.mp4
1539,6t0BpjwYKco_142_151.mp4
1540,8MVo7fje_oE_130_136.mp4
1541,ZL7P_XmSnEY_205_209.mp4
1542,M4It3DrhbE0_13_22.mp4
1543,XtQdAPV2UZs_4_11.mp4
1544,ub-aYLzCF_Q_1_10.mp4
1545,Gn4Iv5ARIXc_83_93.mp4
1546,ID2xXlUENG0_19_24.mp4
1547,5fDBl1wT2Lk_34_39.mp4
1548,EqOGzNkekMk_5_15.mp4
1549,rVFJzN20jhQ_27_32.mp4
1550,DcDYRpa34W8_11_25.mp4
1551,suj4VNfZz5E_33_50.mp4
1552,6owu8Mow0_g_527_534.mp4
1553,YJ2aGe7CLBo_25_35.mp4
1554,NVGGgncVq-4_111_117.mp4
1555,qeKX-N1nKiM_37_43.mp4
1556,Pgm-mOQu2MM_48_62.mp4
1557,C_1cnNdMwxY_0_8.mp4
1558,b97TK8XVLHE_40_50.mp4
1559,oSnYUfCGiCA_7_17.mp4
1560,UbmZAe5u5FI_16_23.mp4
1561,k9Brw_0gncU_14_33.mp4
1562,psXeA8sSYdI_25_30.mp4
1563,OIg10Bl7urs_0_10.mp4
1564,onW5hJXnI5s_126_133.mp4
1565,yNy9jTeolUk_8_12.mp4
1566,C9vRgZDxTv4_26_33.mp4
1567,wpUT0DNB3qs_9_19.mp4
1568,6QbhfbLUtQs_13_23.mp4
1569,6RlYLTU5gvM_18_24.mp4
1570,qIk_Dz5XE5E_104_109.mp4
1571,PAN5IVvMlVc_17_23.mp4
1572,0hyZ__3YhZc_380_384.mp4
1573,Ea0thGZKPXA_25_35.mp4
1574,O06WXS_XZN0_0_6.mp4
1575,eVSQiPbepXg_44_49.mp4
1576,UXs3eq68ZjE_498_504.mp4
1577,6gQu8PWhFoQ_37_41.mp4
1578,nBFhvrAOFqY_23_29.mp4
1579,6t0BpjwYKco_254_258.mp4
1580,TPhpsIK7pDc_25_32.mp4
1581,0M-PyX2DbZc_25_31.mp4
1582,r0E-0ntoNWo_20_30.mp4
1583,0hyZ__3YhZc_575_580.mp4
1584,-Cv5LsqKUXc_71_76.mp4
1585,glrijRGnmc0_211_215.mp4
1586,bmOy6p87TWI_26_35.mp4
1587,WPG-BIWOrG4_672_677.mp4
1588,JnNe61UZsdM_42_51.mp4
1589,glii-kazad8_21_29.mp4
1590,ItFqogTmAvQ_361_365.mp4
1591,C9LHk0AJI7U_196_205.mp4
1592,g8LUhxR-6Wg_0_8.mp4
1593,ngHDYzhDBk4_24_29.mp4
1594,GPT4vUwlrXY_1_10.mp4
1595,q9ew_nITQWY_54_62.mp4
1596,6JnGBs88sL0_4_10.mp4
1597,TXabUVUxJqI_22_31.mp4
1598,kNHivduxQWg_0_14.mp4
1599,cmQ3SiIaWy4_4_20.mp4
1600,0lh_UWF9ZP4_174_178.mp4
1601,YS1mzzhmWWA_9_16.mp4
1602,IpHJffM3G1c_464_470.mp4
1603,O2qiPS2NCeY_2_18.mp4
1604,3OPQqH3YlHA_50_54.mp4
1605,JktNQQnLblQ_4_9.mp4
1606,PeUHy0A1GF0_114_121.mp4
1607,idXJu0BQRvo_2_6.mp4
1608,5XxshEdcfAM_96_107.mp4
1609,nZSFn51l3hc_480_485.mp4
1610,O_NWtDShLeg_21_25.mp4
1611,-Ms9tsWmhyU_80_95.mp4
1612,7xNG7qGY9rw_14_29.mp4
1613,WTf5EgVY5uU_58_76.mp4
1614,-_hbPLsZvvo_49_55.mp4
1615,RvJH_POzxmc_10_25.mp4
1616,zYcY4mjLpxU_45_55.mp4
1617,vMoOpQQy6sI_22_55.mp4
1618,45AGQSbodbU_5_15.mp4
1619,9HTUcMjWB3g_122_128.mp4
1620,sMscRb9TcQE_146_161.mp4
1621,v4_AzQSnmY4_40_55.mp4
1622,I9gLTZY1ouc_142_147.mp4
1623,3qqEKTPxLNs_1_15.mp4
1624,t3VPeyYL-fI_35_39.mp4
1625,PuQVs2Ch1LY_5_15.mp4
1626,xdhLQCYQ-nQ_50_63.mp4
1627,UdcObAQ5OOM_15_30.mp4
1628,hSgGBHbJrmE_0_17.mp4
1629,HJHPB_Y8GZE_22_28.mp4
1630,4D1o4FC8YbA_29_39.mp4
1631,xtbsD3PUua4_84_94.mp4
1632,s-dSFyz_5Ww_31_41.mp4
1633,Zoz0HcCB1vU_0_10.mp4
1634,gbbRwBZuhzI_26_40.mp4
1635,GPyFZMJ5Dow_56_70.mp4
1636,-rvjK0lE3z4_33_43.mp4
1637,onxE6PpEXes_8_25.mp4
1638,UJKythlXAIY_17_21.mp4
1639,yOnRm3TP6hM_0_12.mp4
1640,OCcy9TDRGKo_118_127.mp4
1641,wsj_dzz33Ko_31_41.mp4
1642,rV5VmhY3-Sw_65_76.mp4
1643,80D0ylOqPJ8_0_5.mp4
1644,m7x8uIdg2XU_67_73.mp4
1645,TZ860P4iTaM_11_20.mp4
1646,C_DDjCRxTxQ_1_4.mp4
1647,1Sp2__RCT0c_11_15.mp4
1648,d4AGWnHJcaY_6_19.mp4
1649,YRSOc193Pxc_68_73.mp4
1650,64Xn9edeWRA_0_11.mp4
1651,kk3TIio1-Uw_5_14.mp4
1652,wX-Bl25Htag_104_115.mp4
1653,bQJQGoJF7_k_145_153.mp4
1654,m1NR0uNNs5Y_160_166.mp4
1655,CHFXTeQWXjo_206_212.mp4
1656,3zgEl-OLFKE_12_15.mp4
1657,_WRC7HXBJpU_414_425.mp4
1658,j2Dhf-xFUxU_13_20.mp4
1659,s20OlIRK340_125_138.mp4
1660,7s0AXJtLL0Y_57_61.mp4
1661,AoNnzlGhI04_112_128.mp4
1662,AjZ-R3LFMzo_18_23.mp4
1663,wjH72cZ0GLM_1_10.mp4
1664,m1NR0uNNs5Y_273_280.mp4
1665,MWzeInQaUk4_12_20.mp4
1666,Z3m9V8qPXhQ_13_24.mp4
1667,1dfR0A_BXjw_401_408.mp4
1668,eZLxohGP4IE_147_158.mp4
1669,cSDkshD2ME0_11_14.mp4
1670,Ylb4pnW-jP4_102_113.mp4
1671,Mutb8BHFvzk_15_20.mp4
1672,XOAgUVVwKEA_8_20.mp4
1673,EPgQ9QwbsLE_16_23.mp4
1674,fGc6_D0JEIQ_31_46.mp4
1675,BtQtRGI0F2Q_15_20.mp4
1676,0lh_UWF9ZP4_38_46.mp4
1677,tYQ7O6V0Fvk_20_55.mp4
1678,05gNigkqfNU_78_84.mp4
1679,bmvD4HlPFxg_20_27.mp4
1680,FTh5zPk34bQ_16_30.mp4
1681,kWLNZzuo3do_76_80.mp4
1682,aHiUM8uWxxo_17_25.mp4
1683,YndZ9YulpTo_61_76.mp4
1684,aGUx0QOKWXw_7_12.mp4
1685,EdrZtaBUXIo_25_29.mp4
1686,kWLNZzuo3do_152_164.mp4
1687,ViM0JjUoqRw_10_20.mp4
1688,xxHx6s_DbUo_162_165.mp4
1689,vuvpbeQak9Q_23_29.mp4
1690,0wutCy2ZGOQ_4_10.mp4
1691,K1ZM0LSLVw8_488_494.mp4
1692,kEGmZDpZ_RE_248_293.mp4
1693,qeKX-N1nKiM_133_142.mp4
1694,YmXCfQm0_CA_140_156.mp4
1695,j1Z890_Q3so_131_138.mp4
1696,-_hbPLsZvvo_18_25.mp4
1697,XEOH3t5AYY0_22_29.mp4
1698,_9iG5Ge01PM_3_11.mp4
1699,4R-tumAGrtU_12_22.mp4
