username,filename
sreenit,sreenit_533089289%2Fmd.mp4
cpnbr,cpnbr_218342187%2Fmd.mp4
revopsfuel,revopsfuel_185376271%2Fmd.mp4
lifestar,lifestar_857355916%2Fmd.mp4
icjames,icjames_478524987%2Fmd.mp4
amohns,amohns_watermarked.mp4
stieniebooboo,stieniebooboo_915289173%2Fmd.mp4
lmbloecher,lmbloecher_486915395%2Fmd.mp4
_dri_,_dri__121308411%2Fmd.mp4
mhatipo,mhatipo_212052818%2Fmd.mp4
8---d7652,8---d7652_28389355%2Fmd.mp4
itzbeckz,itzbeckz_470277008%2Fmd.mp4
dookiecookie,dookiecookie_732069723%2Fmd.mp4
jason564,jason564_573757719%2Fmd.mp4
dustbee,dustbee_99203930%2Fmd.mp4
shahmanish,shahmanish_978894050%2Fmd.mp4
pippogames,pippogames_547823636%2Fmd.mp4
zizi2022,zizi2022_531401163%2Fmd.mp4
freakysl,freakysl_41517390%2Fmd.mp4
abdulrahmaruss,abdulrahmaruss_974098107%2Fmd.mp4
jonhliao,jonhliao_578945302%2Fmd.mp4
paytonmckenzie,paytonmckenzie_818006895%2Fmd.mp4
bkf0015,bkf0015_469589399%2Fmd.mp4
gelugu,gelugu_377901294%2Fmd.mp4
kim1171,kim1171_759736099%2Fmd.mp4
elliotelliot,elliotelliot_77430543%2Fmd.mp4
sampsonation,sampsonation_421507235%2Fmd.mp4
arnav619,arnav619_734526242%2Fmd.mp4
het1402,het1402_851608003%2Fmd.mp4
zzalshoping,zzalshoping_811438888%2Fmd.mp4
srynyaie,srynyaie_142224866%2Fmd.mp4
jackadhd,jackadhd_344785515%2Fmd.mp4
noah_boa13,noah_boa13_976875120%2Fmd.mp4
331212222122,331212222122_15392619%2Fmd.mp4
luuap,luuap_441453556%2Fmd.mp4
parapleum,parapleum_636701244%2Fmd.mp4
yi_kyky,yi_kyky_690599949%2Fmd.mp4
xmrcharlyx,xmrcharlyx_876657286%2Fmd.mp4
pawtheru,pawtheru_46555770%2Fmd.mp4
jiavansh,jiavansh_851258748%2Fmd.mp4
compeador,compeador_709661667%2Fmd.mp4
jct27,jct27_610742747%2Fmd.mp4
lesyaleo88,lesyaleo88_895509488%2Fmd.mp4
moonshot1234,moonshot1234_810382082%2Fmd.mp4
hollywood26,hollywood26_918417423%2Fmd.mp4
rockisaac,rockisaac_900516865%2Fmd.mp4
skbhow,skbhow_727884749%2Fmd.mp4
gaami,gaami_959348673%2Fmd.mp4
kksr,kksr_479831408%2Fmd.mp4
helegiel,helegiel_306124228%2Fmd.mp4
supadupahooman,supadupahooman_347181512%2Fmd.mp4
shubhamkumar001007,shubhamkumar001007_260483807%2Fmd.mp4
jimymukmin,jimymukmin_137635841%2Fmd.mp4
redfalx216,redfalx216_606895751%2Fmd.mp4
harunsinger,harunsinger_882862013%2Fmd.mp4
nenogt,nenogt_324502827%2Fmd.mp4
ecn9633,ecn9633_748655989%2Fmd.mp4
pnj123456,pnj123456_285847600%2Fmd.mp4
shannengabrielle,shannengabrielle_236633393%2Fmd.mp4
mareki619,mareki619_881318936%2Fmd.mp4
gimdonghun,gimdonghun_320759929%2Fmd.mp4
adarsh1431a,adarsh1431a_967753927%2Fmd.mp4
gtsir,gtsir_592899335%2Fmd.mp4
binbin9175,binbin9175_599101194%2Fmd.mp4
tiagnio,tiagnio_924786425%2Fmd.mp4
makoom,makoom_942951449%2Fmd.mp4
joel67,joel67_635869244%2Fmd.mp4
jack.hipins,jackhipins_649721170%2Fmd.mp4
m0a9s,m0a9s_333173421%2Fmd.mp4
afsinsahin,afsinsahin_379807705%2Fmd.mp4
gimlet5,gimlet5_643840082%2Fmd.mp4
wahid9999,wahid9999_832699884%2Fmd.mp4
wizkidz,wizkidz_777521185%2Fmd.mp4
dhavalsabhi1111,dhavalsabhi1111_175168251%2Fmd.mp4
jwieyiu,jwieyiu_805528075%2Fmd.mp4
dhiraj_96,dhiraj_96_109508160%2Fmd.mp4
aerobott,aerobott_375068661%2Fmd.mp4
bonesmx,bonesmx_768572567%2Fmd.mp4
kakehashi,kakehashi_369955668%2Fmd.mp4
kitfatcat,kitfatcat_193688388%2Fmd.mp4
vavacar,vavacar_489005127%2Fmd.mp4
dmrdn,dmrdn_945608709%2Fmd.mp4
kishan51,kishan51_107241124%2Fmd.mp4
jinjinjeong,jinjinjeong_547063959%2Fmd.mp4
shahadatclub,shahadatclub_396292123%2Fmd.mp4
prithvi111,prithvi111_607006720%2Fmd.mp4
berne63,berne63_850814281%2Fmd.mp4
d3l3t3r,d3l3t3r_630157237%2Fmd.mp4
alexkuehndirector,alexkuehndirector_506818934%2Fmd.mp4
techwithvee,techwithvee_990740138%2Fmd.mp4
kiangsvd,kiangsvd_816947996%2Fmd.mp4
mrkumaar,mrkumaar_233381987%2Fmd.mp4
menuts,menuts_617367556%2Fmd.mp4
yungabalos,yungabalos_412224148%2Fmd.mp4
badhiin,badhiin_watermarked.mp4
racota,racota_61345332%2Fmd.mp4
josefo28,josefo28_watermarked.mp4
tcaruso88,tcaruso88_222528530%2Fmd.mp4
ur0214,ur0214_106232589%2Fmd.mp4
mblegal,mblegal_943880865%2Fmd.mp4
k8from2n,k8from2n_663197102%2Fmd.mp4
bojackhorsemanpbj,bojackhorsemanpbj_113101031%2Fmd.mp4
osobear,osobear_335488631%2Fmd.mp4
ahnsungmin,ahnsungmin_677028767%2Fmd.mp4
goipon,goipon_326967631%2Fmd.mp4
seth7777,seth7777_425459973%2Fmd.mp4
stevo527,stevo527_411288110%2Fmd.mp4
fatherratner,fatherratner_5665659%2Fmd.mp4
jbkcd,jbkcd_524956592%2Fmd.mp4
tmcxtl,tmcxtl_292103937%2Fmd.mp4
pikachuhi,pikachuhi_115790213%2Fmd.mp4
janjan20,janjan20_700688902%2Fmd.mp4
albrchetti,albrchetti_153064388%2Fmd.mp4
s_taro,s_taro_211427599%2Fmd.mp4
mei3xxx,mei3xxx_273654546%2Fmd.mp4
ilayis,ilayis_728369313%2Fmd.mp4
acasssss,acasssss_358588184%2Fmd.mp4
weasly_,weasly__57120977%2Fmd.mp4
mywebistop,mywebistop_675589014%2Fmd.mp4
ambika8802,ambika8802_watermarked.mp4
eth1270,eth1270_932415528%2Fmd.mp4
k4eeo,k4eeo_3158243%2Fmd.mp4
cb-teamdks,cb-teamdks_516914746%2Fmd.mp4
marum0927,marum0927_164451429%2Fmd.mp4
tcptcptcp,tcptcptcp_450777526%2Fmd.mp4
tlsotrk,tlsotrk_650884571%2Fmd.mp4
zmktwzrd,zmktwzrd_514747293%2Fmd.mp4
krishna8686,krishna8686_watermarked.mp4
35h,35h_783477259%2Fmd.mp4
ell123456,ell123456_935419208%2Fmd.mp4
babychamp,babychamp_128451259%2Fmd.mp4
aurora-sora,aurora-sora_487554182%2Fmd.mp4
schmumacher,schmumacher_240573872%2Fmd.mp4
glum06,glum06_737807537%2Fmd.mp4
mrjamiemitchell,mrjamiemitchell_88303293%2Fmd.mp4
boxermann,boxermann_154367211%2Fmd.mp4
reborn-xiaoyu,reborn-xiaoyu_835990987%2Fmd.mp4
fgfgcv,fgfgcv_869756281%2Fmd.mp4
catieiei,catieiei_772883956%2Fmd.mp4
santinelx,santinelx_733555658%2Fmd.mp4
ringingz,ringingz_761255479%2Fmd.mp4
sis2002,sis2002_628469285%2Fmd.mp4
rgolden1,rgolden1_951562461%2Fmd.mp4
swerx,swerx_778242585%2Fmd.mp4
lucatoz,lucatoz_988454821%2Fmd.mp4
bubarad,bubarad_295104563%2Fmd.mp4
thevisionaryhive,thevisionaryhive_574655076%2Fmd.mp4
lonelyai,lonelyai_369000600%2Fmd.mp4
hestcreative,hestcreative_693511783%2Fmd.mp4
andy2510,andy2510_13896800%2Fmd.mp4
joshivishal2050,joshivishal2050_383975949%2Fmd.mp4
nile_6594,nile_6594_825743924%2Fmd.mp4
salma9999,salma9999_854316504%2Fmd.mp4
kingpiro38,kingpiro38_588526570%2Fmd.mp4
beckytravis,beckytravis_410235854%2Fmd.mp4
mamasai,mamasai_51195902%2Fmd.mp4
watchmov,watchmov_742587971%2Fmd.mp4
noboos,noboos_493017490%2Fmd.mp4
usagi4837,usagi4837_938412356%2Fmd.mp4
annet.st,annetst_921821427%2Fmd.mp4
bernardonyqr6,bernardonyqr6_59392084%2Fmd.mp4
qosains,qosains_210565480%2Fmd.mp4
shrb6,shrb6_183122074%2Fmd.mp4
coqrouge,coqrouge_309642307%2Fmd.mp4
050221,050221_138598904%2Fmd.mp4
alivecoaching,alivecoaching_362499862%2Fmd.mp4
tldon,tldon_458613245%2Fmd.mp4
yao628,yao628_222666687%2Fmd.mp4
psk86,psk86_575761025%2Fmd.mp4
janellea,janellea_292080081%2Fmd.mp4
pavan011,pavan011_19474876%2Fmd.mp4
scorpion_mall_shams.cafe,scorpion_mall_shamscafe_25539151%2Fmd.mp4
revatiaccounting,revatiaccounting_297487665%2Fmd.mp4
bigserial,bigserial_127535823%2Fmd.mp4
yty-8181,yty-8181_309033177%2Fmd.mp4
sawaran,sawaran_311452947%2Fmd.mp4
elmikafebrina,elmikafebrina_187372913%2Fmd.mp4
przemko3333,przemko3333_624397816%2Fmd.mp4
7negiashish,7negiashish_371783258%2Fmd.mp4
idbrg,idbrg_893262572%2Fmd.mp4
genesissoma,genesissoma_95768650%2Fmd.mp4
whichway-movement,whichway-movement_453724778%2Fmd.mp4
pradeepmnn,pradeepmnn_803785334%2Fmd.mp4
ictoken,ictoken_239589133%2Fmd.mp4
callumhall0504,callumhall0504_276528656%2Fmd.mp4
ejcheon,ejcheon_632590268%2Fmd.mp4
peanutsm78,peanutsm78_744882768%2Fmd.mp4
llllllahaks,llllllahaks_297627079%2Fmd.mp4
robmelendez,robmelendez_382563902%2Fmd.mp4
rh1ng0,rh1ng0_954745746%2Fmd.mp4
ge0rge89,ge0rge89_777617921%2Fmd.mp4
jin48mail.ru,jin48mailru_24640877%2Fmd.mp4
aaabnnon,aaabnnon_466467197%2Fmd.mp4
sarahdanita,sarahdanita_136895856%2Fmd.mp4
tranhao94,tranhao94_370494437%2Fmd.mp4
anujdxb,anujdxb_242175959%2Fmd.mp4
reamoore,reamoore_850641240%2Fmd.mp4
xxpawstarxx,xxpawstarxx_329540766%2Fmd.mp4
sorasleep,sorasleep_710765456%2Fmd.mp4
parcival00,parcival00_337074473%2Fmd.mp4
kietvt1,kietvt1_224533072%2Fmd.mp4
hoevers,hoevers_137565996%2Fmd.mp4
brandonius,brandonius_942619990%2Fmd.mp4
deguru,deguru_460443911%2Fmd.mp4
tintedpink,tintedpink_188524247%2Fmd.mp4
mysticnomadmuse,mysticnomadmuse_458158329%2Fmd.mp4
rl83,rl83_517146405%2Fmd.mp4
junghyang,junghyang_152370562%2Fmd.mp4
joshbuoni,joshbuoni_943173441%2Fmd.mp4
duvidl,duvidl_105618591%2Fmd.mp4
ryanwardhana,ryanwardhana_699542916%2Fmd.mp4
bfrkyr,bfrkyr_986901808%2Fmd.mp4
kevisya,kevisya_313025365%2Fmd.mp4
gorain,gorain_580903709%2Fmd.mp4
rabbitcenter01,rabbitcenter01_777662173%2Fmd.mp4
lindorin,lindorin_879827191%2Fmd.mp4
amanadlakha,amanadlakha_825403788%2Fmd.mp4
varshaspring,varshaspring_794614549%2Fmd.mp4
rudra95,rudra95_212593840%2Fmd.mp4
bthalion,bthalion_589431267%2Fmd.mp4
martin1999,martin1999_324456172%2Fmd.mp4
maxi1611,maxi1611_603708681%2Fmd.mp4
12345-90086,12345-90086_161537791%2Fmd.mp4
focusneo,focusneo_271191846%2Fmd.mp4
dmv7,dmv7_792530860%2Fmd.mp4
medogtunes,medogtunes_385142022%2Fmd.mp4
sank005,sank005_570995814%2Fmd.mp4
zensyne,zensyne_616926385%2Fmd.mp4
anujtiwary69,anujtiwary69_19415224%2Fmd.mp4
satyam1006,satyam1006_488961650%2Fmd.mp4
viki-workspace,viki-workspace_59811293%2Fmd.mp4
madoriens,madoriens_314305618%2Fmd.mp4
therealdennis18,therealdennis18_621864003%2Fmd.mp4
standleye,standleye_813498197%2Fmd.mp4
louismilan,louismilan_921024380%2Fmd.mp4
kotaroshimada,kotaroshimada_425382343%2Fmd.mp4
jason_0112,jason_0112_999326806%2Fmd.mp4
09045,09045_552603156%2Fmd.mp4
eekaa_29,eekaa_29_767500519%2Fmd.mp4
bytebuilders,bytebuilders_205000963%2Fmd.mp4
akirakaweade,akirakaweade_593876105%2Fmd.mp4
vishald632,vishald632_357366566%2Fmd.mp4
ronron0319,ronron0319_846026845%2Fmd.mp4
hongjmd,hongjmd_341764284%2Fmd.mp4
eljaymesa,eljaymesa_626766963%2Fmd.mp4
rennradix,rennradix_512194887%2Fmd.mp4
j_lock55,j_lock55_626070219%2Fmd.mp4
blazicks,blazicks_318148198%2Fmd.mp4
prakap27,prakap27_978809837%2Fmd.mp4
1235311,1235311_468903194%2Fmd.mp4
scam2342,scam2342_756030755%2Fmd.mp4
edwinho_,edwinho__296508647%2Fmd.mp4
amorphouslibra,amorphouslibra_897590446%2Fmd.mp4
conquestofzabor,conquestofzabor_465405624%2Fmd.mp4
benigogoi,benigogoi_658001820%2Fmd.mp4
crisgonb,crisgonb_682370524%2Fmd.mp4
jax0817,jax0817_386768246%2Fmd.mp4
_horse,_horse_619318200%2Fmd.mp4
moizdxb,moizdxb_944100187%2Fmd.mp4
pajab,pajab_183422548%2Fmd.mp4
mffi,mffi_194115403%2Fmd.mp4
visomero,visomero_462787254%2Fmd.mp4
flash4bes,flash4bes_276602999%2Fmd.mp4
holmes1685,holmes1685_676282149%2Fmd.mp4
xaver123,xaver123_585840804%2Fmd.mp4
papbk,papbk_413387427%2Fmd.mp4
shang0,shang0_860401353%2Fmd.mp4
niyazaliyev,niyazaliyev_841612778%2Fmd.mp4
simarba,simarba_283636147%2Fmd.mp4
nadaaltaher,nadaaltaher_584598434%2Fmd.mp4
marisolpb,marisolpb_44926398%2Fmd.mp4
pp7ukk,pp7ukk_579479389%2Fmd.mp4
yongsu,yongsu_110458989%2Fmd.mp4
3769,3769_109597890%2Fmd.mp4
aarya121212,aarya121212_594284790%2Fmd.mp4
robmilliken,robmilliken_793829388%2Fmd.mp4
autreone,autreone_709991703%2Fmd.mp4
oclo,oclo_715728439%2Fmd.mp4
gclapham,gclapham_544243996%2Fmd.mp4
antoinemg,antoinemg_733077046%2Fmd.mp4
kubacode,kubacode_977440674%2Fmd.mp4
asd123zxc2314,asd123zxc2314_385850007%2Fmd.mp4
tonydebree,tonydebree_302936372%2Fmd.mp4
junsei0421,junsei0421_325886516%2Fmd.mp4
sarahrendon,sarahrendon_605938824%2Fmd.mp4
lakhe,lakhe_428465144%2Fmd.mp4
lasimo,lasimo_40810628%2Fmd.mp4
alexa90,alexa90_19844171%2Fmd.mp4
suessmaus,suessmaus_946277291%2Fmd.mp4
tataukee,tataukee_154433806%2Fmd.mp4
travelingtiger,travelingtiger_watermarked.mp4
halon3,halon3_433256855%2Fmd.mp4
fercc22,fercc22_171870359%2Fmd.mp4
dkfkq,dkfkq_745665830%2Fmd.mp4
jeffreyzou,jeffreyzou_775207158%2Fmd.mp4
jugaldesai,jugaldesai_637915109%2Fmd.mp4
ak.1990,ak1990_679900919%2Fmd.mp4
prelit,prelit_884743497%2Fmd.mp4
thevpanda,thevpanda_889765771%2Fmd.mp4
gauravsingh4268,gauravsingh4268_942656298%2Fmd.mp4
geongangmi,geongangmi_731864692%2Fmd.mp4
624329,624329_926004613%2Fmd.mp4
sudo-grue,sudo-grue_730388358%2Fmd.mp4
elimar1998,elimar1998_843811609%2Fmd.mp4
ancade,ancade_283672368%2Fmd.mp4
timothyyy90,timothyyy90_776447853%2Fmd.mp4
kimkyungseob,kimkyungseob_599183004%2Fmd.mp4
hamnaz,hamnaz_830425429%2Fmd.mp4
poormedguy,poormedguy_520398330%2Fmd.mp4
ribosonik,ribosonik_588784532%2Fmd.mp4
dkfqksid,dkfqksid_79186270%2Fmd.mp4
zwh362,zwh362_976804832%2Fmd.mp4
animss01,animss01_189765887%2Fmd.mp4
tkc_1,tkc_1_2614652%2Fmd.mp4
abcd-x,abcd-x_714432516%2Fmd.mp4
coretech-video,coretech-video_320299135%2Fmd.mp4
achigala,achigala_611943440%2Fmd.mp4
aix_innovation_lab,aix_innovation_lab_655744264%2Fmd.mp4
erickibarra,erickibarra_55706887%2Fmd.mp4
akashb,akashb_468014520%2Fmd.mp4
mati.birba_24,matibirba_24_350280461%2Fmd.mp4
dr.staroselsky,drstaroselsky_462431379%2Fmd.mp4
eea,eea_518469573%2Fmd.mp4
jesusfrustrado,jesusfrustrado_296465501%2Fmd.mp4
luca_marian,luca_marian_628453585%2Fmd.mp4
dkmagu,dkmagu_426680524%2Fmd.mp4
abbas.shahwan,abbasshahwan_871443816%2Fmd.mp4
divyang10,divyang10_579399429%2Fmd.mp4
choomantraa,choomantraa_38810765%2Fmd.mp4
fff11232,fff11232_181424113%2Fmd.mp4
childrengame,childrengame_349702204%2Fmd.mp4
ebabe-86,ebabe-86_198708927%2Fmd.mp4
chomai,chomai_5046861%2Fmd.mp4
ericbinek,ericbinek_280719355%2Fmd.mp4
gongdonghui,gongdonghui_157837114%2Fmd.mp4
steeltoesandal,steeltoesandal_65961712%2Fmd.mp4
donchepe,donchepe_507258076%2Fmd.mp4
meotor,meotor_983822491%2Fmd.mp4
wilnmind,wilnmind_843677742%2Fmd.mp4
chris-is-agile,chris-is-agile_293885078%2Fmd.mp4
apndump,apndump_204122224%2Fmd.mp4
palpunuri,palpunuri_423229998%2Fmd.mp4
trecording,trecording_547987669%2Fmd.mp4
kruxly,kruxly_47357269%2Fmd.mp4
positives2025,positives2025_49936734%2Fmd.mp4
vineetmanohar,vineetmanohar_954531103%2Fmd.mp4
theperegrineco,theperegrineco_260137071%2Fmd.mp4
raqibyousuf,raqibyousuf_172895658%2Fmd.mp4
r41nm4k3r,r41nm4k3r_558614839%2Fmd.mp4
mitwok,mitwok_490143289%2Fmd.mp4
junjiyang,junjiyang_685124968%2Fmd.mp4
raj_shivali,raj_shivali_536167176%2Fmd.mp4
abdujaliliy,abdujaliliy_109159782%2Fmd.mp4
kylepedey,kylepedey_324852654%2Fmd.mp4
jeff1688,jeff1688_watermarked.mp4
crazykyo2013,crazykyo2013_76702406%2Fmd.mp4
hardyfan863,hardyfan863_851916789%2Fmd.mp4
spoopysploinky,spoopysploinky_543382572%2Fmd.mp4
blueryan,blueryan_529348797%2Fmd.mp4
5ej,5ej_26436982%2Fmd.mp4
wduke,wduke_941743104%2Fmd.mp4
tr0902,tr0902_734524451%2Fmd.mp4
harvestcovenant,harvestcovenant_201124291%2Fmd.mp4
tommyfilhigar,tommyfilhigar_580331369%2Fmd.mp4
reenabhatt,reenabhatt_529843516%2Fmd.mp4
jonas9x9,jonas9x9_283347008%2Fmd.mp4
zzazan,zzazan_572350397%2Fmd.mp4
bstaff413,bstaff413_310949993%2Fmd.mp4
solcollecta,solcollecta_348363187%2Fmd.mp4
chasexcx,chasexcx_403885798%2Fmd.mp4
jr122202,jr122202_960987041%2Fmd.mp4
teru-1025,teru-1025_987976562%2Fmd.mp4
ilya444222,ilya444222_607724229%2Fmd.mp4
canofsticks,canofsticks_817228831%2Fmd.mp4
stolar9595,stolar9595_691371516%2Fmd.mp4
gigi0602,gigi0602_64830481%2Fmd.mp4
williamct,williamct_740384223%2Fmd.mp4
jam14,jam14_414903139%2Fmd.mp4
veuos,veuos_17191780%2Fmd.mp4
hunchotest,hunchotest_114722156%2Fmd.mp4
jeroenbas,jeroenbas_704163635%2Fmd.mp4
akshit-sarin,akshit-sarin_764972304%2Fmd.mp4
ladvision,ladvision_51306946%2Fmd.mp4
raccoonrich,raccoonrich_422789751%2Fmd.mp4
aurus-,aurus-_270918830%2Fmd.mp4
fpersada,fpersada_247716691%2Fmd.mp4
effn,effn_844305696%2Fmd.mp4
mariekelapachamama,mariekelapachamama_762059817%2Fmd.mp4
lulunono,lulunono_895943612%2Fmd.mp4
zinaf,zinaf_296355357%2Fmd.mp4
lindenr,lindenr_197211305%2Fmd.mp4
sdgt36,sdgt36_802988873%2Fmd.mp4
cnugoodai1gmail.com,cnugoodai1gmailcom_729543292%2Fmd.mp4
richnanugi,richnanugi_456370434%2Fmd.mp4
dimgouso,dimgouso_917618391%2Fmd.mp4
ryan2006,ryan2006_659914083%2Fmd.mp4
migueldamasmd,migueldamasmd_64696416%2Fmd.mp4
reklamacia21030,reklamacia21030_77982294%2Fmd.mp4
adryan91,adryan91_80558088%2Fmd.mp4
saurabhasalkar,saurabhasalkar_117425777%2Fmd.mp4
juio8998,juio8998_432147229%2Fmd.mp4
vedio123,vedio123_927219171%2Fmd.mp4
silvi.nuni69,silvinuni69_4791515%2Fmd.mp4
alfredo70,alfredo70_760449309%2Fmd.mp4
alma0307,alma0307_733145307%2Fmd.mp4
imperialx,imperialx_655252363%2Fmd.mp4
themarketingarchitect,themarketingarchitect_897690736%2Fmd.mp4
olga_rus85,olga_rus85_577453942%2Fmd.mp4
teamsoft,teamsoft_8363880%2Fmd.mp4
eumpage,eumpage_977590453%2Fmd.mp4
thanhphat101319,thanhphat101319_493781711%2Fmd.mp4
scfisb,scfisb_75279822%2Fmd.mp4
vangoghai,vangoghai_498784408%2Fmd.mp4
gnah122,gnah122_539420798%2Fmd.mp4
wako1,wako1_745417924%2Fmd.mp4
herkenhoffs,herkenhoffs_978975480%2Fmd.mp4
snomura,snomura_492490399%2Fmd.mp4
23234111213123123123,23234111213123123123_474219769%2Fmd.mp4
waha33,waha33_628890709%2Fmd.mp4
chriskpictures,chriskpictures_966578016%2Fmd.mp4
zenta7,zenta7_206782906%2Fmd.mp4
adafafffaf5455,adafafffaf5455_136583813%2Fmd.mp4
riandiok,riandiok_656364797%2Fmd.mp4
andrewkorolow,andrewkorolow_973684774%2Fmd.mp4
kbspeter,kbspeter_142702458%2Fmd.mp4
rockylehning,rockylehning_914823287%2Fmd.mp4
valeken,valeken_503756409%2Fmd.mp4
cnkim,cnkim_322777371%2Fmd.mp4
tenaiai,tenaiai_586325615%2Fmd.mp4
eageroij,eageroij_788279597%2Fmd.mp4
hit420,hit420_63888530%2Fmd.mp4
hain7,hain7_567128618%2Fmd.mp4
tkdnjf,tkdnjf_868758132%2Fmd.mp4
philipp77777,philipp77777_69930550%2Fmd.mp4
erhaudan,erhaudan_watermarked.mp4
aira1918,aira1918_591101039%2Fmd.mp4
pyontam,pyontam_104778189%2Fmd.mp4
don-olsen,don-olsen_996780737%2Fmd.mp4
chrismas,chrismas_315229662%2Fmd.mp4
giri1978,giri1978_61831221%2Fmd.mp4
captainsroute,captainsroute_479705604%2Fmd.mp4
adil104,adil104_297888031%2Fmd.mp4
el-,el-_429578756%2Fmd.mp4
meow_404,meow_404_335135671%2Fmd.mp4
lance_246,lance_246_53175348%2Fmd.mp4
tteokbokki_1,tteokbokki_1_537988682%2Fmd.mp4
octaviusthunder,octaviusthunder_495498540%2Fmd.mp4
datbv,datbv_202053279%2Fmd.mp4
resukief,resukief_702175385%2Fmd.mp4
chazn,chazn_744158193%2Fmd.mp4
tomo.k.r.y,tomokry_852220006%2Fmd.mp4
reliableflooring,reliableflooring_943346318%2Fmd.mp4
idhun,idhun_867370191%2Fmd.mp4
luisrepi,luisrepi_472527513%2Fmd.mp4
rubi333,rubi333_335638299%2Fmd.mp4
roshancreativeart,roshancreativeart_858945850%2Fmd.mp4
bergkamp1977,bergkamp1977_241944285%2Fmd.mp4
khactung,khactung_576179112%2Fmd.mp4
nakapike,nakapike_872347434%2Fmd.mp4
vuanh,vuanh_855128600%2Fmd.mp4
jimmyscat,jimmyscat_182007748%2Fmd.mp4
koheisasaki,koheisasaki_699330640%2Fmd.mp4
juju_6,juju_6_194870880%2Fmd.mp4
rtdk,rtdk_250862270%2Fmd.mp4
gaichan,gaichan_594486512%2Fmd.mp4
uppikhati,uppikhati_963738174%2Fmd.mp4
codumo,codumo_844467006%2Fmd.mp4
murukku12345,murukku12345_543572519%2Fmd.mp4
nohyoungsun,nohyoungsun_662638387%2Fmd.mp4
martinfaye,martinfaye_210135632%2Fmd.mp4
cache13,cache13_394202853%2Fmd.mp4
kimkangmin00,kimkangmin00_393742378%2Fmd.mp4
udaanmarketing,udaanmarketing_614455430%2Fmd.mp4
kimsungin,kimsungin_515912855%2Fmd.mp4
henry_hwang,henry_hwang_775883289%2Fmd.mp4
randa0523,randa0523_554849011%2Fmd.mp4
palagio91,palagio91_306235273%2Fmd.mp4
sj_2216,sj_2216_922899371%2Fmd.mp4
test_video_coffee,test_video_coffee_392115691%2Fmd.mp4
ariasto,ariasto_852379771%2Fmd.mp4
flepp2025,flepp2025_603653671%2Fmd.mp4
umi90,umi90_722913797%2Fmd.mp4
vladibern,vladibern_967909294%2Fmd.mp4
dronex,dronex_59193099%2Fmd.mp4
georgelivingstona,georgelivingstona_910043255%2Fmd.mp4
cfuzi,cfuzi_503954378%2Fmd.mp4
bibanus,bibanus_300660996%2Fmd.mp4
beziiiii,beziiiii_173900815%2Fmd.mp4
kfwkfkfwlfj,kfwkfkfwlfj_764392770%2Fmd.mp4
jhyjmi7,jhyjmi7_852417034%2Fmd.mp4
sjel3007,sjel3007_841730312%2Fmd.mp4
olivier1223455,olivier1223455_563698350%2Fmd.mp4
pedronamslaw,pedronamslaw_195126954%2Fmd.mp4
weel1969,weel1969_527320315%2Fmd.mp4
jeonghuijeong,jeonghuijeong_992609226%2Fmd.mp4
julia66,julia66_865292154%2Fmd.mp4
kapten04,kapten04_583390041%2Fmd.mp4
nk01,nk01_515387485%2Fmd.mp4
grandyy,grandyy_456017468%2Fmd.mp4
22225591,22225591_159614590%2Fmd.mp4
sar909090,sar909090_watermarked.mp4
aurota_lala,aurota_lala_424237240%2Fmd.mp4
xomri,xomri_554292521%2Fmd.mp4
neliepop,neliepop_789120052%2Fmd.mp4
akihiro_n,akihiro_n_525531899%2Fmd.mp4
joren111,joren111_304812655%2Fmd.mp4
rnnuihunvi,rnnuihunvi_329805799%2Fmd.mp4
habithai,habithai_120013945%2Fmd.mp4
johndouglas2025,johndouglas2025_885053332%2Fmd.mp4
whtjdtmf,whtjdtmf_649936839%2Fmd.mp4
yzyma,yzyma_536969425%2Fmd.mp4
icc1,icc1_750454441%2Fmd.mp4
gaga12312343,gaga12312343_160416655%2Fmd.mp4
plaidrico,plaidrico_350280688%2Fmd.mp4
rasmusbangpederson,rasmusbangpederson_767248086%2Fmd.mp4
gergelykovacs1983,gergelykovacs1983_739310197%2Fmd.mp4
prefer_,prefer__915094796%2Fmd.mp4
smilescdc,smilescdc_539453069%2Fmd.mp4
panda_1996,panda_1996_186911185%2Fmd.mp4
3dq,3dq_200412742%2Fmd.mp4
jgs1992,jgs1992_706659641%2Fmd.mp4
svald99,svald99_149149823%2Fmd.mp4
abbasi303,abbasi303_277787488%2Fmd.mp4
doroshev,doroshev_976250727%2Fmd.mp4
pride777,pride777_147144265%2Fmd.mp4
ubecat,ubecat_42393128%2Fmd.mp4
r1vnsmq,r1vnsmq_984298832%2Fmd.mp4
jazminedeluna_,jazminedeluna__830573001%2Fmd.mp4
anbjorkstrom,anbjorkstrom_933734398%2Fmd.mp4
ripon330,ripon330_988203252%2Fmd.mp4
fashionnat,fashionnat_360058630%2Fmd.mp4
alanpaulpanassiti,alanpaulpanassiti_287632183%2Fmd.mp4
amorebody,amorebody_118598225%2Fmd.mp4
murf890,murf890_938448865%2Fmd.mp4
topvogue,topvogue_922099355%2Fmd.mp4
saoden,saoden_309648290%2Fmd.mp4
dong988,dong988_849757725%2Fmd.mp4
54888787787,54888787787_225275064%2Fmd.mp4
ritzdeo,ritzdeo_246346291%2Fmd.mp4
sprnvaa,sprnvaa_930032274%2Fmd.mp4
performace,performace_135351053%2Fmd.mp4
tdog615,tdog615_585363059%2Fmd.mp4
mmc2,mmc2_475991045%2Fmd.mp4
justinstanelle,justinstanelle_17844808%2Fmd.mp4
flightsniper,flightsniper_75221103%2Fmd.mp4
tonytran90,tonytran90_964327560%2Fmd.mp4
sodiqjons,sodiqjons_831648738%2Fmd.mp4
manavfury,manavfury_964794548%2Fmd.mp4
makifuwo,makifuwo_799712489%2Fmd.mp4
metatroncube,metatroncube_774432556%2Fmd.mp4
lizzl,lizzl_105470695%2Fmd.mp4
nonene,nonene_217898570%2Fmd.mp4
nyasith,nyasith_585576726%2Fmd.mp4
mysisterandi,mysisterandi_264347686%2Fmd.mp4
kddhyan,kddhyan_861313647%2Fmd.mp4
sagarcia8,sagarcia8_453490180%2Fmd.mp4
ncs_nltn,ncs_nltn_738003011%2Fmd.mp4
drcom0,drcom0_339739458%2Fmd.mp4
bharath2502,bharath2502_847284518%2Fmd.mp4
ummisarohh,ummisarohh_940586903%2Fmd.mp4
rgs72,rgs72_828992331%2Fmd.mp4
doorinvasion,doorinvasion_273464560%2Fmd.mp4
sebastuqui,sebastuqui_759921729%2Fmd.mp4
minimoments,minimoments_29906066%2Fmd.mp4
koopelstien,koopelstien_463535114%2Fmd.mp4
robertap,robertap_58540752%2Fmd.mp4
salamndar73,salamndar73_744561926%2Fmd.mp4
neilcoetzer,neilcoetzer_734213131%2Fmd.mp4
rrawlife,rrawlife_966069111%2Fmd.mp4
schiller2011,schiller2011_629203786%2Fmd.mp4
yarreg,yarreg_533722187%2Fmd.mp4
paitoonvar,paitoonvar_388874422%2Fmd.mp4
mikealbert99,mikealbert99_87574649%2Fmd.mp4
thefoxx02,thefoxx02_931858481%2Fmd.mp4
fancy009,fancy009_312071336%2Fmd.mp4
geommakri,geommakri_171957923%2Fmd.mp4
pingucat,pingucat_41826729%2Fmd.mp4
arbechemindo,arbechemindo_530571076%2Fmd.mp4
ferdigan,ferdigan_963134811%2Fmd.mp4
matahari,matahari_988929505%2Fmd.mp4
dreamticket,dreamticket_736925287%2Fmd.mp4
meths22,meths22_8155683%2Fmd.mp4
stanpaulaco,stanpaulaco_540330199%2Fmd.mp4
mamos13,mamos13_261946167%2Fmd.mp4
kristopuz,kristopuz_851159636%2Fmd.mp4
b_i_a,b_i_a_777331738%2Fmd.mp4
transaurieng,transaurieng_896334244%2Fmd.mp4
ankitagrawaljsr,ankitagrawaljsr_791222574%2Fmd.mp4
kohei0217,kohei0217_watermarked.mp4
iamkartikeya,iamkartikeya_908444902%2Fmd.mp4
woongkim18,woongkim18_759064344%2Fmd.mp4
samoskydev,samoskydev_438789419%2Fmd.mp4
fuego_frank,fuego_frank_625157043%2Fmd.mp4
silvian,silvian_watermarked.mp4
dneil,dneil_929288206%2Fmd.mp4
hebingcheng,hebingcheng_94020428%2Fmd.mp4
darkbloond,darkbloond_370767910%2Fmd.mp4
test213d,test213d_252636775%2Fmd.mp4
babygaang,babygaang_398671334%2Fmd.mp4
szaraherbata,szaraherbata_609459192%2Fmd.mp4
okinand,okinand_351793707%2Fmd.mp4
lucrmz,lucrmz_915428237%2Fmd.mp4
accalmie,accalmie_531835679%2Fmd.mp4
huydat1,huydat1_730838639%2Fmd.mp4
faultiergpt,faultiergpt_980305976%2Fmd.mp4
aymbot,aymbot_529062337%2Fmd.mp4
arcidalia,arcidalia_981981851%2Fmd.mp4
kotw305,kotw305_70290367%2Fmd.mp4
essilon,essilon_437013608%2Fmd.mp4
cgdg,cgdg_99696766%2Fmd.mp4
pegasusu,pegasusu_575831929%2Fmd.mp4
lazypandazem,lazypandazem_566926496%2Fmd.mp4
user_23456789,user_23456789_187557025%2Fmd.mp4
gabrielc_203,gabrielc_203_695863521%2Fmd.mp4
paulkim73,paulkim73_860718930%2Fmd.mp4
ponsuke,ponsuke_623442231%2Fmd.mp4
unisellogi,unisellogi_226892660%2Fmd.mp4
kamonratsiam,kamonratsiam_565557352%2Fmd.mp4
sandy07,sandy07_485720382%2Fmd.mp4
infoslanakgmail.com,infoslanakgmailcom_102521982%2Fmd.mp4
hussein.alsafi,husseinalsafi_669032360%2Fmd.mp4
aphillips8430,aphillips8430_842158779%2Fmd.mp4
neles,neles_829044731%2Fmd.mp4
kodelingua,kodelingua_568175035%2Fmd.mp4
chatgpt3004,chatgpt3004_457460970%2Fmd.mp4
luisdavila2,luisdavila2_416667043%2Fmd.mp4
strategists,strategists_741336358%2Fmd.mp4
mookkie,mookkie_978014952%2Fmd.mp4
fdghhhhhhhhhhhg,fdghhhhhhhhhhhg_999425854%2Fmd.mp4
amfereday,amfereday_424344053%2Fmd.mp4
kingader,kingader_758308579%2Fmd.mp4
projec11,projec11_41028672%2Fmd.mp4
michal12345,michal12345_793659239%2Fmd.mp4
daegyeom1,daegyeom1_665546816%2Fmd.mp4
bonjouryentinglai,bonjouryentinglai_437714217%2Fmd.mp4
sharinggann,sharinggann_490970802%2Fmd.mp4
ankita68,ankita68_239170629%2Fmd.mp4
mursii,mursii_322390153%2Fmd.mp4
chokynana,chokynana_256090007%2Fmd.mp4
rolfwidmer,rolfwidmer_837292448%2Fmd.mp4
kanpisit212,kanpisit212_845190426%2Fmd.mp4
simbeing,simbeing_265290202%2Fmd.mp4
landissimo,landissimo_763773615%2Fmd.mp4
savadude,savadude_178879763%2Fmd.mp4
thedogzombie,thedogzombie_543818446%2Fmd.mp4
vbvvvv,vbvvvv_212826510%2Fmd.mp4
numnim1125,numnim1125_265368961%2Fmd.mp4
avamarketing,avamarketing_582895542%2Fmd.mp4
sreeni3688,sreeni3688_670173990%2Fmd.mp4
tmoo1,tmoo1_716603937%2Fmd.mp4
xpventures,xpventures_743616111%2Fmd.mp4
aomammm,aomammm_483165930%2Fmd.mp4
cottyy,cottyy_729398960%2Fmd.mp4
vasiliy_wd,vasiliy_wd_120940423%2Fmd.mp4
womanghibli,womanghibli_176403004%2Fmd.mp4
genvideoki,genvideoki_188217267%2Fmd.mp4
gurmannnpreet,gurmannnpreet_765593847%2Fmd.mp4
art_tra,art_tra_979742107%2Fmd.mp4
deadlycious,deadlycious_473215800%2Fmd.mp4
sinan324,sinan324_515746543%2Fmd.mp4
ilhamiekrem,ilhamiekrem_422156761%2Fmd.mp4
sarmadleo,sarmadleo_410597866%2Fmd.mp4
johnwickerson,johnwickerson_618482429%2Fmd.mp4
sheexhal,sheexhal_506442326%2Fmd.mp4
znexo,znexo_624641358%2Fmd.mp4
plexicat,plexicat_902559357%2Fmd.mp4
shinji0116,shinji0116_781021860%2Fmd.mp4
k_sim,k_sim_587049355%2Fmd.mp4
limor1501,limor1501_687703864%2Fmd.mp4
michealarun,michealarun_124204376%2Fmd.mp4
minn528,minn528_266650598%2Fmd.mp4
suphaporn_siam,suphaporn_siam_276138548%2Fmd.mp4
koriice,koriice_49088538%2Fmd.mp4
illabo,illabo_468610594%2Fmd.mp4
amirflg1960,amirflg1960_800479732%2Fmd.mp4
artzet,artzet_940092949%2Fmd.mp4
kfcpizza,kfcpizza_814470320%2Fmd.mp4
totoloz,totoloz_893194172%2Fmd.mp4
cdkljfh3546yrfg,cdkljfh3546yrfg_160472766%2Fmd.mp4
vparadiso,vparadiso_479037887%2Fmd.mp4
brickwahl_999,brickwahl_999_509695725%2Fmd.mp4
brabieblue,brabieblue_817914292%2Fmd.mp4
prakashash18,prakashash18_640783800%2Fmd.mp4
doubtful...,doubtful_445151992%2Fmd.mp4
machinedog227,machinedog227_282755331%2Fmd.mp4
mtuala,mtuala_669125922%2Fmd.mp4
ishan.mail28,ishanmail28_484977411%2Fmd.mp4
mrysbekov,mrysbekov_308992830%2Fmd.mp4
iamabhijith,iamabhijith_19213187%2Fmd.mp4
ruedee.su,ruedeesu_1830818%2Fmd.mp4
abdurrahman.eymenolu,abdurrahmaneymenolu_706897355%2Fmd.mp4
liiiisa,liiiisa_533982359%2Fmd.mp4
jchrispin,jchrispin_668493906%2Fmd.mp4
dangerfieldsmith,dangerfieldsmith_695531973%2Fmd.mp4
jesustarrr,jesustarrr_301218199%2Fmd.mp4
kerpalmagyar,kerpalmagyar_877341020%2Fmd.mp4
moazzamk,moazzamk_606515066%2Fmd.mp4
edrfgedsf,edrfgedsf_172044468%2Fmd.mp4
canek.basti,canekbasti_337896899%2Fmd.mp4
youngmin86,youngmin86_641858169%2Fmd.mp4
stdc123,stdc123_357135238%2Fmd.mp4
lord_granola,lord_granola_440596962%2Fmd.mp4
kumark9,kumark9_939199529%2Fmd.mp4
abanuni,abanuni_29343697%2Fmd.mp4
jonejaidee,jonejaidee_995969810%2Fmd.mp4
fumiiioooi,fumiiioooi_723591708%2Fmd.mp4
edsnxevlla,edsnxevlla_watermarked.mp4
fan66666,fan66666_402617482%2Fmd.mp4
geoeira,geoeira_262793738%2Fmd.mp4
uncrncrw,uncrncrw_848662885%2Fmd.mp4
nimbus5000,nimbus5000_70627956%2Fmd.mp4
amack04,amack04_632760166%2Fmd.mp4
farzanaabbas,farzanaabbas_768419170%2Fmd.mp4
terranben,terranben_922019999%2Fmd.mp4
deacon12,deacon12_154218517%2Fmd.mp4
phox146,phox146_166597033%2Fmd.mp4
umair8021,umair8021_821163362%2Fmd.mp4
hemak,hemak_723498806%2Fmd.mp4
manankh,manankh_115659803%2Fmd.mp4
volodymyr272427,volodymyr272427_259246614%2Fmd.mp4
mrmujo,mrmujo_319813296%2Fmd.mp4
straysonar,straysonar_33381340%2Fmd.mp4
ajaykr09,ajaykr09_547123938%2Fmd.mp4
bloomxd,bloomxd_407394449%2Fmd.mp4
zyzky,zyzky_300626524%2Fmd.mp4
onewayagencyro,onewayagencyro_676718388%2Fmd.mp4
andes2tokyo,andes2tokyo_895325730%2Fmd.mp4
hang41,hang41_949506370%2Fmd.mp4
frazonline,frazonline_75275353%2Fmd.mp4
flexinfo,flexinfo_400707893%2Fmd.mp4
brandonhuang01,brandonhuang01_267473516%2Fmd.mp4
uvperfect,uvperfect_471918799%2Fmd.mp4
thecreativeminds,thecreativeminds_41816516%2Fmd.mp4
willowevermore,willowevermore_688165580%2Fmd.mp4
salamehmo,salamehmo_634585565%2Fmd.mp4
akash_28072002,akash_28072002_824906559%2Fmd.mp4
tobicreates,tobicreates_672757366%2Fmd.mp4
ignastefanini,ignastefanini_997678504%2Fmd.mp4
peiris16,peiris16_201582618%2Fmd.mp4
madi7777,madi7777_253431818%2Fmd.mp4
g4mbit.t,g4mbitt_251561056%2Fmd.mp4
jaydenliu99,jaydenliu99_712857750%2Fmd.mp4
spgg1,spgg1_525553644%2Fmd.mp4
jihea,jihea_639834535%2Fmd.mp4
aditya992,aditya992_151486281%2Fmd.mp4
burek_svemirski,burek_svemirski_861660516%2Fmd.mp4
juli3n93,juli3n93_126049668%2Fmd.mp4
swan85,swan85_656704619%2Fmd.mp4
deepak2002,deepak2002_311185574%2Fmd.mp4
elrike,elrike_953310629%2Fmd.mp4
manpreetrehsi,manpreetrehsi_388381118%2Fmd.mp4
akkarma,akkarma_181967214%2Fmd.mp4
jesusinkerala,jesusinkerala_519686254%2Fmd.mp4
wulingxiaoshanhai,wulingxiaoshanhai_661629808%2Fmd.mp4
sav_b4uvaz,sav_b4uvaz_520694241%2Fmd.mp4
blacktreklamp,blacktreklamp_356779907%2Fmd.mp4
panchocordova11,panchocordova11_349982004%2Fmd.mp4
k0tyaara,k0tyaara_281920107%2Fmd.mp4
dinnguyen,dinnguyen_706603630%2Fmd.mp4
rainbow_123,rainbow_123_130849515%2Fmd.mp4
rcs1975,rcs1975_61260299%2Fmd.mp4
roavfd2025,roavfd2025_322043276%2Fmd.mp4
dgamerx,dgamerx_599364467%2Fmd.mp4
lkoq,lkoq_753996478%2Fmd.mp4
dxlxb,dxlxb_248886845%2Fmd.mp4
mmi0290bgmail.com,mmi0290bgmailcom_100784815%2Fmd.mp4
7adi1,7adi1_961703618%2Fmd.mp4
reece654,reece654_234676358%2Fmd.mp4
xswd134,xswd134_846433190%2Fmd.mp4
pangmaoaaa,pangmaoaaa_231904363%2Fmd.mp4
taituzz,taituzz_698505027%2Fmd.mp4
miya_zzq,miya_zzq_768646018%2Fmd.mp4
juseoklee,juseoklee_402883065%2Fmd.mp4
bgayle777,bgayle777_645011331%2Fmd.mp4
saravanaraj480,saravanaraj480_378792994%2Fmd.mp4
hayodele,hayodele_456014574%2Fmd.mp4
banchoet,banchoet_78940656%2Fmd.mp4
mikeb.polo,mikebpolo_714766101%2Fmd.mp4
alxndraag,alxndraag_499864146%2Fmd.mp4
1tree2,1tree2_75260605%2Fmd.mp4
hildengpt,hildengpt_485161972%2Fmd.mp4
ksumit21,ksumit21_269077023%2Fmd.mp4
carlosantonio,carlosantonio_430605212%2Fmd.mp4
shashank008,shashank008_884272458%2Fmd.mp4
hisashin1975,hisashin1975_466060065%2Fmd.mp4
gil.straussme.com,gilstraussmecom_740624672%2Fmd.mp4
yoursilentretreat,yoursilentretreat_870272971%2Fmd.mp4
shaheen089,shaheen089_665465442%2Fmd.mp4
devinmgomez,devinmgomez_779564098%2Fmd.mp4
nannytip,nannytip_516229679%2Fmd.mp4
vladiszombie,vladiszombie_779262883%2Fmd.mp4
mobilemenders,mobilemenders_351687080%2Fmd.mp4
caobin,caobin_710564068%2Fmd.mp4
tonspattapong,tonspattapong_979686879%2Fmd.mp4
kellyng,kellyng_603157992%2Fmd.mp4
kwms573,kwms573_256898032%2Fmd.mp4
luaplegin,luaplegin_974286721%2Fmd.mp4
sakaya5,sakaya5_515406421%2Fmd.mp4
shubhashish7001,shubhashish7001_897617246%2Fmd.mp4
zommboom,zommboom_927190698%2Fmd.mp4
daroking,daroking_261771646%2Fmd.mp4
zjj44,zjj44_212758573%2Fmd.mp4
zlimvos,zlimvos_329113158%2Fmd.mp4
alexabrazura,alexabrazura_414697163%2Fmd.mp4
steven871,steven871_202168671%2Fmd.mp4
michelesalvemini,michelesalvemini_908098194%2Fmd.mp4
qualityboost,qualityboost_620548651%2Fmd.mp4
palm23,palm23_watermarked.mp4
wpking,wpking_992356202%2Fmd.mp4
obscura_altair,obscura_altair_34654038%2Fmd.mp4
vnffilms,vnffilms_314494998%2Fmd.mp4
satoshiclub,satoshiclub_690716138%2Fmd.mp4
lin5989,lin5989_396163243%2Fmd.mp4
roger-daangn,roger-daangn_41967829%2Fmd.mp4
fafhan,fafhan_707005490%2Fmd.mp4
nd98,nd98_777603026%2Fmd.mp4
foodsafety_hyd,foodsafety_hyd_18016140%2Fmd.mp4
soothsister,soothsister_712377718%2Fmd.mp4
gotham22143,gotham22143_255625921%2Fmd.mp4
meshashee,meshashee_792723333%2Fmd.mp4
thuykienteuong9638,thuykienteuong9638_512372216%2Fmd.mp4
mai3,mai3_706982590%2Fmd.mp4
twokates,twokates_watermarked.mp4
docdirk,docdirk_900439986%2Fmd.mp4
matsnminds,matsnminds_61606403%2Fmd.mp4
cesar126a,cesar126a_538201963%2Fmd.mp4
denai7,denai7_377726539%2Fmd.mp4
abrahamgs,abrahamgs_591406678%2Fmd.mp4
dynahrm,dynahrm_315303480%2Fmd.mp4
kucchu,kucchu_745483116%2Fmd.mp4
nerof76,nerof76_179217329%2Fmd.mp4
nitin42563,nitin42563_709455839%2Fmd.mp4
scottie4,scottie4_41286205%2Fmd.mp4
cowuu99,cowuu99_44257172%2Fmd.mp4
maullin,maullin_363338812%2Fmd.mp4
bluewagun,bluewagun_41638069%2Fmd.mp4
cwbschleser,cwbschleser_968737390%2Fmd.mp4
dogpamine,dogpamine_73691395%2Fmd.mp4
sokon,sokon_704734720%2Fmd.mp4
bussingjokes,bussingjokes_699010719%2Fmd.mp4
akira12343,akira12343_871344059%2Fmd.mp4
aadeseveruz,aadeseveruz_88242328%2Fmd.mp4
prince8169827997,prince8169827997_905030388%2Fmd.mp4
monkeyhumaniscute,monkeyhumaniscute_691423745%2Fmd.mp4
syimah,syimah_137437642%2Fmd.mp4
krumatcha,krumatcha_255949224%2Fmd.mp4
rambo77710,rambo77710_890334584%2Fmd.mp4
huettche,huettche_420044687%2Fmd.mp4
kryco,kryco_250868939%2Fmd.mp4
komalsbt,komalsbt_645136479%2Fmd.mp4
lwq666,lwq666_638158370%2Fmd.mp4
vision-ai,vision-ai_956728279%2Fmd.mp4
bajpaianshuman,bajpaianshuman_835560964%2Fmd.mp4
shinebrite,shinebrite_624640796%2Fmd.mp4
puzzlead.ir,puzzleadir_902980592%2Fmd.mp4
lp_dip,lp_dip_847320339%2Fmd.mp4
zeljkonovakov,zeljkonovakov_286730206%2Fmd.mp4
elmira97,elmira97_594750276%2Fmd.mp4
niyasya,niyasya_588449853%2Fmd.mp4
hrushiusername_,hrushiusername__718885808%2Fmd.mp4
olastech,olastech_199457569%2Fmd.mp4
rvanti,rvanti_894398860%2Fmd.mp4
isajose,isajose_466624048%2Fmd.mp4
neo_star,neo_star_837223296%2Fmd.mp4
444enki,444enki_753218487%2Fmd.mp4
seopsam,seopsam_198347268%2Fmd.mp4
marquez0001ita,marquez0001ita_627948475%2Fmd.mp4
debabrat,debabrat_825324580%2Fmd.mp4
interopia,interopia_364231176%2Fmd.mp4
asimjofa321,asimjofa321_148452168%2Fmd.mp4
barbagallo,barbagallo_478897870%2Fmd.mp4
2mas,2mas_968402667%2Fmd.mp4
philtremble,philtremble_969109406%2Fmd.mp4
zuumbe,zuumbe_92059801%2Fmd.mp4
slava_y,slava_y_695501094%2Fmd.mp4
netrunner04,netrunner04_511382613%2Fmd.mp4
neolithicfarming,neolithicfarming_261906809%2Fmd.mp4
sasame,sasame_639589917%2Fmd.mp4
kooksung,kooksung_205324726%2Fmd.mp4
nguyenhieuls,nguyenhieuls_243551143%2Fmd.mp4
myffisto,myffisto_395080599%2Fmd.mp4
ayan12,ayan12_610035271%2Fmd.mp4
huhu.hun,huhuhun_329010096%2Fmd.mp4
manie07,manie07_367609493%2Fmd.mp4
natparsons,natparsons_462842676%2Fmd.mp4
jesuschavito,jesuschavito_811434120%2Fmd.mp4
starkic,starkic_257124890%2Fmd.mp4
bella_libya,bella_libya_watermarked.mp4
benbakry,benbakry_826187566%2Fmd.mp4
ambwood,ambwood_124104980%2Fmd.mp4
svendj94,svendj94_74639852%2Fmd.mp4
tishaaaa,tishaaaa_246495579%2Fmd.mp4
sasu0101,sasu0101_928802584%2Fmd.mp4
ogguys,ogguys_785445373%2Fmd.mp4
planetskool_tau,planetskool_tau_61597213%2Fmd.mp4
rohaid,rohaid_985001207%2Fmd.mp4
francesco_1311,francesco_1311_265110907%2Fmd.mp4
jademagnum,jademagnum_watermarked.mp4
joaopedro6969,joaopedro6969_581170393%2Fmd.mp4
ajilus,ajilus_483238082%2Fmd.mp4
fdfererrereer,fdfererrereer_659180772%2Fmd.mp4
durian3nak,durian3nak_191430588%2Fmd.mp4
crashhstudio,crashhstudio_329054510%2Fmd.mp4
capybara.boy,capybaraboy_870409113%2Fmd.mp4
yo012345,yo012345_407820205%2Fmd.mp4
zakparker,zakparker_258886671%2Fmd.mp4
koguz,koguz_watermarked.mp4
adityanayak23,adityanayak23_431329179%2Fmd.mp4
rr-tr,rr-tr_974410548%2Fmd.mp4
corastudio,corastudio_557670912%2Fmd.mp4
lonnix80,lonnix80_515057748%2Fmd.mp4
xbikergirl,xbikergirl_566283729%2Fmd.mp4
kalantara_india,kalantara_india_624342825%2Fmd.mp4
mgdtools,mgdtools_143910281%2Fmd.mp4
derrts,derrts_558635912%2Fmd.mp4
martagg95,martagg95_167161911%2Fmd.mp4
joseluisperezmolinero,joseluisperezmolinero_915724720%2Fmd.mp4
englisheasystudy,englisheasystudy_728504513%2Fmd.mp4
mcomlan,mcomlan_287194423%2Fmd.mp4
echovia,echovia_220719408%2Fmd.mp4
ourhosting,ourhosting_293106736%2Fmd.mp4
maya_ai,maya_ai_386496974%2Fmd.mp4
allesclaerchen,allesclaerchen_99582902%2Fmd.mp4
dow1,dow1_648329452%2Fmd.mp4
funnyglm,funnyglm_829411037%2Fmd.mp4
junaidali62,junaidali62_184120014%2Fmd.mp4
remajat,remajat_146614754%2Fmd.mp4
360video,360video_921703662%2Fmd.mp4
natielo,natielo_817618579%2Fmd.mp4
v.nco,vnco_841677268%2Fmd.mp4
dhruvkamal,dhruvkamal_177770023%2Fmd.mp4
lontongg,lontongg_830571883%2Fmd.mp4
kintop,kintop_371343820%2Fmd.mp4
chintubhl4u,chintubhl4u_743579561%2Fmd.mp4
reeech,reeech_86643871%2Fmd.mp4
jairgf8,jairgf8_9552676%2Fmd.mp4
tech_team_testing,tech_team_testing_99063823%2Fmd.mp4
shopbytoniamockup,shopbytoniamockup_316609902%2Fmd.mp4
marzej,marzej_607057221%2Fmd.mp4
cosus8662,cosus8662_705151392%2Fmd.mp4
gio199999,gio199999_299397529%2Fmd.mp4
laiwang,laiwang_537594903%2Fmd.mp4
kazuma3,kazuma3_180419351%2Fmd.mp4
xterrax,xterrax_165041907%2Fmd.mp4
hoosurdady45,hoosurdady45_479301729%2Fmd.mp4
mrgreensmoke,mrgreensmoke_106680126%2Fmd.mp4
aidenchoi0929,aidenchoi0929_115923825%2Fmd.mp4
metaversa,metaversa_22930850%2Fmd.mp4
moni010100,moni010100_364669447%2Fmd.mp4
rmazzei,rmazzei_232208083%2Fmd.mp4
djunio7,djunio7_289785062%2Fmd.mp4
t404,t404_633970560%2Fmd.mp4
hasdaddy,hasdaddy_170180644%2Fmd.mp4
systm-flo,systm-flo_830988505%2Fmd.mp4
carefree5collective,carefree5collective_965803380%2Fmd.mp4
zapps,zapps_276353021%2Fmd.mp4
ormanbeckles,ormanbeckles_193195260%2Fmd.mp4
tatianka46,tatianka46_524197815%2Fmd.mp4
cat13471718,cat13471718_779057186%2Fmd.mp4
taypootie,taypootie_198800888%2Fmd.mp4
irmatorres,irmatorres_137920054%2Fmd.mp4
nicl1,nicl1_826528268%2Fmd.mp4
console.out,consoleout_804775100%2Fmd.mp4
synclexia,synclexia_940562669%2Fmd.mp4
mehdee_mh,mehdee_mh_391433449%2Fmd.mp4
kingsseven,kingsseven_940874972%2Fmd.mp4
karam900,karam900_963851082%2Fmd.mp4
jacksk,jacksk_701698230%2Fmd.mp4
z3r0av3ng3r,z3r0av3ng3r_775305982%2Fmd.mp4
kidzynavi123,kidzynavi123_689657620%2Fmd.mp4
gertwil.venemagmail.com,gertwilvenemagmailcom_455623523%2Fmd.mp4
shadowassaian12,shadowassaian12_458138354%2Fmd.mp4
fantasycat_01,fantasycat_01_810810314%2Fmd.mp4
ran511,ran511_942116636%2Fmd.mp4
kupofsoup,kupofsoup_361498671%2Fmd.mp4
wmkaiser,wmkaiser_699144980%2Fmd.mp4
951963,951963_106836580%2Fmd.mp4
fccor,fccor_910543542%2Fmd.mp4
gokuygohan,gokuygohan_582986112%2Fmd.mp4
maropppp,maropppp_2546425%2Fmd.mp4
pricewon,pricewon_386607539%2Fmd.mp4
amysung00,amysung00_717763020%2Fmd.mp4
druidefuzi,druidefuzi_239060436%2Fmd.mp4
miina-nana,miina-nana_85291939%2Fmd.mp4
adlgcxpm,adlgcxpm_635548396%2Fmd.mp4
sary.6,sary6_280574055%2Fmd.mp4
yomiafo,yomiafo_882881376%2Fmd.mp4
drrm,drrm_879708150%2Fmd.mp4
moment.to.wonder,momenttowonder_992482655%2Fmd.mp4
exdono,exdono_252662804%2Fmd.mp4
beth999,beth999_585771189%2Fmd.mp4
yah2x,yah2x_860313492%2Fmd.mp4
angiemarierm,angiemarierm_141689241%2Fmd.mp4
bl8ckh8mm3r83,bl8ckh8mm3r83_445636073%2Fmd.mp4
cb13,cb13_518201373%2Fmd.mp4
idisonakaman,idisonakaman_726288976%2Fmd.mp4
thall0120hew,thall0120hew_948480688%2Fmd.mp4
brodiedance,brodiedance_706000421%2Fmd.mp4
tasmiachow,tasmiachow_849531954%2Fmd.mp4
silufonie,silufonie_205350125%2Fmd.mp4
jaimetrevino,jaimetrevino_430286853%2Fmd.mp4
arthures369,arthures369_194530034%2Fmd.mp4
christianebechler,christianebechler_619850547%2Fmd.mp4
helen-of-troy,helen-of-troy_926105390%2Fmd.mp4
mooseyjd,mooseyjd_495427237%2Fmd.mp4
2111132,2111132_923581868%2Fmd.mp4
arfo75,arfo75_154788139%2Fmd.mp4
theoak,theoak_432674519%2Fmd.mp4
vyz77,vyz77_975929935%2Fmd.mp4
onebitewolrd,onebitewolrd_534629260%2Fmd.mp4
wakey_wakey,wakey_wakey_99058203%2Fmd.mp4
sir_crypto,sir_crypto_141038241%2Fmd.mp4
enesronaldo,enesronaldo_92355579%2Fmd.mp4
test12333334444,test12333334444_617487203%2Fmd.mp4
grwo,grwo_652824664%2Fmd.mp4
paritak.,paritak_809877107%2Fmd.mp4
riri106,riri106_241092945%2Fmd.mp4
heinert,heinert_544304282%2Fmd.mp4
neovii,neovii_479248543%2Fmd.mp4
isla.niamh,islaniamh_141446391%2Fmd.mp4
imageofsar,imageofsar_414834608%2Fmd.mp4
junz2,junz2_156186885%2Fmd.mp4
tokimonstah,tokimonstah_52490513%2Fmd.mp4
lukreaner,lukreaner_575344018%2Fmd.mp4
cainhd2,cainhd2_watermarked.mp4
nishi8ken5,nishi8ken5_111804900%2Fmd.mp4
fordy09,fordy09_751823083%2Fmd.mp4
cbd-kluk,cbd-kluk_667115510%2Fmd.mp4
cmorel1107,cmorel1107_699879499%2Fmd.mp4
anuj_kothari,anuj_kothari_264220718%2Fmd.mp4
ramsesramos,ramsesramos_809539441%2Fmd.mp4
zhangmazi,zhangmazi_521183481%2Fmd.mp4
jlcjr1991,jlcjr1991_682835269%2Fmd.mp4
swapticxaos,swapticxaos_872995086%2Fmd.mp4
casey2025,casey2025_371635944%2Fmd.mp4
zarrinacc,zarrinacc_480126720%2Fmd.mp4
rohchee,rohchee_843199166%2Fmd.mp4
dan_9999999,dan_9999999_343203364%2Fmd.mp4
alper1992,alper1992_262589180%2Fmd.mp4
casp3rrrr,casp3rrrr_909638998%2Fmd.mp4
jk0019,jk0019_135807324%2Fmd.mp4
stiegen,stiegen_287752442%2Fmd.mp4
thehoopers,thehoopers_77654339%2Fmd.mp4
fredofredo72000,fredofredo72000_198087495%2Fmd.mp4
mrcoaching,mrcoaching_155245533%2Fmd.mp4
hibeagle,hibeagle_537720141%2Fmd.mp4
mywm,mywm_242750446%2Fmd.mp4
holliem,holliem_34475579%2Fmd.mp4
max222221444444666,max222221444444666_301369155%2Fmd.mp4
nphoenix22,nphoenix22_345629957%2Fmd.mp4
joy1509,joy1509_887794620%2Fmd.mp4
streeterberry,streeterberry_432117245%2Fmd.mp4
psw555,psw555_325597008%2Fmd.mp4
x-tiberious,x-tiberious_611747883%2Fmd.mp4
downtroddengoat,downtroddengoat_365669666%2Fmd.mp4
sumar,sumar_344160108%2Fmd.mp4
0065464654,0065464654_4804233%2Fmd.mp4
q_come,q_come_889831924%2Fmd.mp4
stefarmakis,stefarmakis_815007314%2Fmd.mp4
shi_naoking55,shi_naoking55_458136360%2Fmd.mp4
jildo420,jildo420_674536644%2Fmd.mp4
alkemm,alkemm_332661861%2Fmd.mp4
matku1411,matku1411_788237923%2Fmd.mp4
mirianweber,mirianweber_321307117%2Fmd.mp4
zengcheng9991,zengcheng9991_311013347%2Fmd.mp4
mtwhitmire,mtwhitmire_308362190%2Fmd.mp4
serch__,serch___97101344%2Fmd.mp4
rakovalexander,rakovalexander_69876888%2Fmd.mp4
mayamayamayamaya,mayamayamayamaya_watermarked.mp4
torndivine,torndivine_767710854%2Fmd.mp4
padustudio,padustudio_432639649%2Fmd.mp4
rocco123,rocco123_283921628%2Fmd.mp4
figuriniste,figuriniste_663293400%2Fmd.mp4
slashchan,slashchan_531061108%2Fmd.mp4
solar2025,solar2025_588665014%2Fmd.mp4
realmoff,realmoff_321433236%2Fmd.mp4
yuven2,yuven2_575154334%2Fmd.mp4
sosuke,sosuke_873263122%2Fmd.mp4
imbalcarta,imbalcarta_907739575%2Fmd.mp4
hbao,hbao_311792413%2Fmd.mp4
maximjakob,maximjakob_410375761%2Fmd.mp4
rileyyyyyy,rileyyyyyy_543219247%2Fmd.mp4
grimreaper_650,grimreaper_650_210975587%2Fmd.mp4
nicholtn,nicholtn_170685276%2Fmd.mp4
blizzad,blizzad_773522257%2Fmd.mp4
95trevorthompson,95trevorthompson_watermarked.mp4
adcollective,adcollective_150185417%2Fmd.mp4
vincent_max,vincent_max_258925092%2Fmd.mp4
danieltayxs,danieltayxs_660057025%2Fmd.mp4
chrismom,chrismom_245173793%2Fmd.mp4
alan4649,alan4649_199924089%2Fmd.mp4
ninad_92,ninad_92_282551264%2Fmd.mp4
tas_world,tas_world_957371217%2Fmd.mp4
sm1689,sm1689_391989685%2Fmd.mp4
notjenna,notjenna_513964701%2Fmd.mp4
idayvuelta,idayvuelta_405473922%2Fmd.mp4
marcosmedeiros,marcosmedeiros_599275797%2Fmd.mp4
spunkyvt,spunkyvt_67395528%2Fmd.mp4
jasonrink,jasonrink_398413126%2Fmd.mp4
sasikkumar,sasikkumar_456646770%2Fmd.mp4
biqy,biqy_501144162%2Fmd.mp4
kruewl,kruewl_109547898%2Fmd.mp4
heloo66,heloo66_966200006%2Fmd.mp4
motiet,motiet_806585431%2Fmd.mp4
togepi98,togepi98_60012120%2Fmd.mp4
azenmoktan,azenmoktan_87349735%2Fmd.mp4
luc-mt,luc-mt_971895655%2Fmd.mp4
digitosdm,digitosdm_257072956%2Fmd.mp4
organicspree,organicspree_952205204%2Fmd.mp4
miltsch,miltsch_799475534%2Fmd.mp4
vshorts,vshorts_352096494%2Fmd.mp4
hanjaejin,hanjaejin_899894474%2Fmd.mp4
hugjklojl,hugjklojl_369642332%2Fmd.mp4
octopusandme,octopusandme_585210539%2Fmd.mp4
lucaicecreamwalker,lucaicecreamwalker_584585814%2Fmd.mp4
y_alkhattab,y_alkhattab_193783046%2Fmd.mp4
icecube1415,icecube1415_716866809%2Fmd.mp4
somya14,somya14_584793583%2Fmd.mp4
luxurie,luxurie_471830830%2Fmd.mp4
ricchierich,ricchierich_156556691%2Fmd.mp4
lukas9,lukas9_958959024%2Fmd.mp4
pavpav,pavpav_982548855%2Fmd.mp4
minerbr,minerbr_865672258%2Fmd.mp4
hariviswanathan,hariviswanathan_952791628%2Fmd.mp4
aaroneboyce,aaroneboyce_443104867%2Fmd.mp4
devsu,devsu_244499584%2Fmd.mp4
creativai,creativai_46115001%2Fmd.mp4
s.s.money,ssmoney_233809%2Fmd.mp4
aifirst,aifirst_758361788%2Fmd.mp4
min-seokcho,min-seokcho_439384052%2Fmd.mp4
goalinn,goalinn_867478110%2Fmd.mp4
vibe2code,vibe2code_893368339%2Fmd.mp4
alankam,alankam_988968402%2Fmd.mp4
sagaofidun,sagaofidun_748498981%2Fmd.mp4
petfunnelsvideo,petfunnelsvideo_425839869%2Fmd.mp4
coldrock,coldrock_240284482%2Fmd.mp4
simatic95,simatic95_970615650%2Fmd.mp4
gerald9,gerald9_232921283%2Fmd.mp4
safety_james,safety_james_961418616%2Fmd.mp4
jphil16,jphil16_592195217%2Fmd.mp4
damianon,damianon_885106911%2Fmd.mp4
photoncounter,photoncounter_912573839%2Fmd.mp4
shade2690,shade2690_899611330%2Fmd.mp4
imgisthelimit,imgisthelimit_142190191%2Fmd.mp4
makiken,makiken_995509627%2Fmd.mp4
autumnolive,autumnolive_772003448%2Fmd.mp4
trigaar,trigaar_412792440%2Fmd.mp4
joseantonio71,joseantonio71_614690824%2Fmd.mp4
suremate,suremate_30928557%2Fmd.mp4
djd1968,djd1968_970149800%2Fmd.mp4
terminated_loop,terminated_loop_736385569%2Fmd.mp4
rbrown907,rbrown907_162120050%2Fmd.mp4
teto50,teto50_539958856%2Fmd.mp4
gerardoki,gerardoki_377835783%2Fmd.mp4
yu1,yu1_417384004%2Fmd.mp4
gi4ma,gi4ma_714220672%2Fmd.mp4
dirtgamerzz,dirtgamerzz_86749701%2Fmd.mp4
nerimal,nerimal_257200770%2Fmd.mp4
kfcowgirl,kfcowgirl_500423045%2Fmd.mp4
chiaras26,chiaras26_322200714%2Fmd.mp4
k_benas,k_benas_985917767%2Fmd.mp4
caesar_08,caesar_08_102119734%2Fmd.mp4
ship_15,ship_15_342614611%2Fmd.mp4
alsiess_,alsiess__444041278%2Fmd.mp4
advivedi9,advivedi9_742747348%2Fmd.mp4
chhm97,chhm97_756201403%2Fmd.mp4
michaelcs,michaelcs_550674407%2Fmd.mp4
tribalterrace,tribalterrace_579954080%2Fmd.mp4
pitbullboy,pitbullboy_95829927%2Fmd.mp4
babu12999,babu12999_504611764%2Fmd.mp4
med32,med32_795280142%2Fmd.mp4
jmth,jmth_488817098%2Fmd.mp4
jc2006,jc2006_156122584%2Fmd.mp4
aralvi84,aralvi84_662898395%2Fmd.mp4
aleks.007,aleks007_362820217%2Fmd.mp4
aleks8622,aleks8622_375234076%2Fmd.mp4
theboord,theboord_15165532%2Fmd.mp4
elfatal,elfatal_664268356%2Fmd.mp4
julilll,julilll_527536976%2Fmd.mp4
stephenwonde,stephenwonde_616714423%2Fmd.mp4
optimka,optimka_778498472%2Fmd.mp4
coolastekatten,coolastekatten_324776573%2Fmd.mp4
sexikhepri,sexikhepri_984408016%2Fmd.mp4
jeffk21,jeffk21_661425512%2Fmd.mp4
yvesun,yvesun_587589701%2Fmd.mp4
barsfunnyaf,barsfunnyaf_908182574%2Fmd.mp4
anwar1001,anwar1001_368378969%2Fmd.mp4
rmee,rmee_395792812%2Fmd.mp4
yomosaku,yomosaku_246245996%2Fmd.mp4
germannick,germannick_86639057%2Fmd.mp4
omegavid,omegavid_440368737%2Fmd.mp4
victorurrutia30,victorurrutia30_13744187%2Fmd.mp4
rmaldon240,rmaldon240_290062757%2Fmd.mp4
philpo,philpo_949204222%2Fmd.mp4
rene_star,rene_star_657081390%2Fmd.mp4
teni,teni_336618633%2Fmd.mp4
naseef_ironic,naseef_ironic_846574969%2Fmd.mp4
meisech,meisech_339250796%2Fmd.mp4
juneyjay,juneyjay_925085337%2Fmd.mp4
janzuary,janzuary_487873408%2Fmd.mp4
odyax,odyax_813625445%2Fmd.mp4
clozoro,clozoro_828586341%2Fmd.mp4
varnas,varnas_620727771%2Fmd.mp4
rpihge2qr0qr23,rpihge2qr0qr23_713148595%2Fmd.mp4
ioannaiva,ioannaiva_689278227%2Fmd.mp4
boostgo,boostgo_656435623%2Fmd.mp4
terenabelitz,terenabelitz_349448505%2Fmd.mp4
niurkamilenka,niurkamilenka_394751153%2Fmd.mp4
lars670,lars670_439938794%2Fmd.mp4
abcolp,abcolp_973369478%2Fmd.mp4
rajeshsound,rajeshsound_855135209%2Fmd.mp4
tonytrex,tonytrex_849229028%2Fmd.mp4
benlatrobe,benlatrobe_712706050%2Fmd.mp4
wirgule,wirgule_56530458%2Fmd.mp4
leraaxe,leraaxe_587107646%2Fmd.mp4
shima-san,shima-san_18238221%2Fmd.mp4
miele123,miele123_969486541%2Fmd.mp4
quiethustle,quiethustle_387177629%2Fmd.mp4
goe396,goe396_372727511%2Fmd.mp4
sgcgmdavid,sgcgmdavid_70226623%2Fmd.mp4
artimuebles,artimuebles_483781783%2Fmd.mp4
laagencia,laagencia_412931745%2Fmd.mp4
kitsunen,kitsunen_994713703%2Fmd.mp4
itsokbutno,itsokbutno_271983187%2Fmd.mp4
nebojsha,nebojsha_440771721%2Fmd.mp4
mobeka1,mobeka1_220867295%2Fmd.mp4
thesocialclub,thesocialclub_158973203%2Fmd.mp4
kreidev,kreidev_279191945%2Fmd.mp4
paulfifita,paulfifita_820510104%2Fmd.mp4
p.graz,pgraz_370921770%2Fmd.mp4
irise2025,irise2025_60511699%2Fmd.mp4
timo.eppler,timoeppler_481008146%2Fmd.mp4
joansehi,joansehi_867021446%2Fmd.mp4
anabohuele,anabohuele_920521129%2Fmd.mp4
el_greco_,el_greco__247758180%2Fmd.mp4
evilinvaders1111,evilinvaders1111_388954648%2Fmd.mp4
bami0776,bami0776_956498167%2Fmd.mp4
dlw01,dlw01_397082776%2Fmd.mp4
kyungasong,kyungasong_209626116%2Fmd.mp4
formanchristian,formanchristian_181030693%2Fmd.mp4
zackjoyce,zackjoyce_135844721%2Fmd.mp4
tailoredshorts,tailoredshorts_412367036%2Fmd.mp4
josemirmoura,josemirmoura_421852191%2Fmd.mp4
sim91,sim91_647204790%2Fmd.mp4
kojikabutoz,kojikabutoz_431321198%2Fmd.mp4
deremkay,deremkay_401094524%2Fmd.mp4
klaushaller,klaushaller_382554895%2Fmd.mp4
ogbadd,ogbadd_66891882%2Fmd.mp4
abcdefghijfdsfsdfsf,abcdefghijfdsfsdfsf_302058589%2Fmd.mp4
yosikage,yosikage_931245787%2Fmd.mp4
tonfegar,tonfegar_717254807%2Fmd.mp4
maria2,maria2_625193172%2Fmd.mp4
ganchan,ganchan_9658915%2Fmd.mp4
lagioisingrini,lagioisingrini_259506507%2Fmd.mp4
sefiret,sefiret_613740761%2Fmd.mp4
1121231231231231,1121231231231231_643574533%2Fmd.mp4
batmang,batmang_492024172%2Fmd.mp4
deep99,deep99_567425258%2Fmd.mp4
melissaleal,melissaleal_881460246%2Fmd.mp4
sadaeva1993,sadaeva1993_685929900%2Fmd.mp4
slimxoxshady,slimxoxshady_716127548%2Fmd.mp4
garotojoao,garotojoao_523972916%2Fmd.mp4
tommy805surfer,tommy805surfer_948916724%2Fmd.mp4
sara_creations,sara_creations_355797203%2Fmd.mp4
tolini,tolini_201661495%2Fmd.mp4
julana137,julana137_905108568%2Fmd.mp4
nod-1,nod-1_25260514%2Fmd.mp4
bubtuk,bubtuk_148233142%2Fmd.mp4
mirfozil,mirfozil_329285933%2Fmd.mp4
iris_77,iris_77_533310116%2Fmd.mp4
beegee1152,beegee1152_421751003%2Fmd.mp4
studioak,studioak_13403100%2Fmd.mp4
neabada,neabada_363605853%2Fmd.mp4
pri-07,pri-07_184643810%2Fmd.mp4
lsmarujo,lsmarujo_786565328%2Fmd.mp4
bcabe,bcabe_771103962%2Fmd.mp4
thandonova,thandonova_515713558%2Fmd.mp4
ibkdeep,ibkdeep_945984265%2Fmd.mp4
ydkim74,ydkim74_533139774%2Fmd.mp4
comrade_rt,comrade_rt_656517612%2Fmd.mp4
pitchweed67,pitchweed67_693646011%2Fmd.mp4
crimony,crimony_37712692%2Fmd.mp4
mnsmerch,mnsmerch_79424590%2Fmd.mp4
qwertyuiopasdfghjklzxcv,qwertyuiopasdfghjklzxcv_368757367%2Fmd.mp4
soru.studio,sorustudio_876908138%2Fmd.mp4
247axel,247axel_879229487%2Fmd.mp4
leoleoleo100,leoleoleo100_951268817%2Fmd.mp4
yaswanth169,yaswanth169_133723391%2Fmd.mp4
mafgos,mafgos_558284776%2Fmd.mp4
fullife,fullife_972580013%2Fmd.mp4
abhilashdwarakish,abhilashdwarakish_136979546%2Fmd.mp4
lorenzokking,lorenzokking_112795806%2Fmd.mp4
sly123-,sly123-_528949405%2Fmd.mp4
skyfromtheblue,skyfromtheblue_854567402%2Fmd.mp4
yana913,yana913_716832141%2Fmd.mp4
jazbean,jazbean_610517503%2Fmd.mp4
rktmn2,rktmn2_292303902%2Fmd.mp4
meow2122,meow2122_624463230%2Fmd.mp4
knottedus,knottedus_973961149%2Fmd.mp4
fdsf4444,fdsf4444_250289996%2Fmd.mp4
jonstronglives,jonstronglives_867833632%2Fmd.mp4
tangkwanew,tangkwanew_596541273%2Fmd.mp4
lucky41,lucky41_505428209%2Fmd.mp4
rich727,rich727_394449732%2Fmd.mp4
chaun811,chaun811_166688670%2Fmd.mp4
jinnorix,jinnorix_511428509%2Fmd.mp4
olga345,olga345_405485455%2Fmd.mp4
luminai28,luminai28_790257220%2Fmd.mp4
rafaellopes89,rafaellopes89_389822326%2Fmd.mp4
thedurris,thedurris_73917953%2Fmd.mp4
cur10uzed,cur10uzed_440757292%2Fmd.mp4
chs3,chs3_378954854%2Fmd.mp4
mario.salibaa,mariosalibaa_25607956%2Fmd.mp4
yachtboi,yachtboi_583335394%2Fmd.mp4
itscarlosrios,itscarlosrios_248447563%2Fmd.mp4
ogbigmak,ogbigmak_832729197%2Fmd.mp4
trapp.k,trappk_989745698%2Fmd.mp4
shawnmak99,shawnmak99_46853377%2Fmd.mp4
kushagra.kunwar,kushagrakunwar_935631697%2Fmd.mp4
kazuhide28,kazuhide28_40941955%2Fmd.mp4
hinarino,hinarino_786556878%2Fmd.mp4
xplore45,xplore45_watermarked.mp4
jmallut,jmallut_636554510%2Fmd.mp4
honorable1,honorable1_579788276%2Fmd.mp4
akbarkareorg,akbarkareorg_452587540%2Fmd.mp4
joewillnauer,joewillnauer_999425491%2Fmd.mp4
juice126,juice126_679243754%2Fmd.mp4
william-fisico,william-fisico_867927626%2Fmd.mp4
mchyke,mchyke_267318924%2Fmd.mp4
jallday,jallday_720591041%2Fmd.mp4
manoftomorrow,manoftomorrow_151979960%2Fmd.mp4
kkeeyou,kkeeyou_701029214%2Fmd.mp4
yesucannot,yesucannot_583990936%2Fmd.mp4
gutoarruda123,gutoarruda123_617186063%2Fmd.mp4
jjinsunglee6945,jjinsunglee6945_193019935%2Fmd.mp4
jindodddd,jindodddd_742210789%2Fmd.mp4
ioh777,ioh777_744392517%2Fmd.mp4
aninvinciblemind,aninvinciblemind_688429844%2Fmd.mp4
sentryspade,sentryspade_240145038%2Fmd.mp4
bootgimp,bootgimp_65065717%2Fmd.mp4
bgcgroup,bgcgroup_690611799%2Fmd.mp4
ammyzz,ammyzz_708865578%2Fmd.mp4
sonofyakub,sonofyakub_885154928%2Fmd.mp4
noesisfield,noesisfield_767641517%2Fmd.mp4
alpha_bit,alpha_bit_911455093%2Fmd.mp4
devoronan,devoronan_659323%2Fmd.mp4
nana0307,nana0307_655072498%2Fmd.mp4
thesorrow,thesorrow_478375153%2Fmd.mp4
-ahmed-,-ahmed-_776843120%2Fmd.mp4
marcelo122ju,marcelo122ju_767092408%2Fmd.mp4
keitokaneko,keitokaneko_171984933%2Fmd.mp4
wil2206,wil2206_16489005%2Fmd.mp4
chatgptplususer0,chatgptplususer0_409682271%2Fmd.mp4
yasgf701177,yasgf701177_900651029%2Fmd.mp4
sollee11,sollee11_114819764%2Fmd.mp4
artemasso,artemasso_706144935%2Fmd.mp4
tattleturtle,tattleturtle_952944948%2Fmd.mp4
vedantsharma19,vedantsharma19_198317416%2Fmd.mp4
leopard1223,leopard1223_107764534%2Fmd.mp4
onewestside,onewestside_183696504%2Fmd.mp4
nomad_genie,nomad_genie_194060401%2Fmd.mp4
bababububu,bababububu_232918578%2Fmd.mp4
yogseedlive,yogseedlive_657826812%2Fmd.mp4
nahuel_c,nahuel_c_495820071%2Fmd.mp4
kunj1600,kunj1600_859953327%2Fmd.mp4
krishna799,krishna799_826229107%2Fmd.mp4
leejwo,leejwo_907280466%2Fmd.mp4
awxdi,awxdi_776270500%2Fmd.mp4
kruyuth,kruyuth_971299712%2Fmd.mp4
getwebbed,getwebbed_271519455%2Fmd.mp4
zahrahmtg,zahrahmtg_451827584%2Fmd.mp4
barizzaofis,barizzaofis_795702849%2Fmd.mp4
ctv48930f,ctv48930f_231287594%2Fmd.mp4
fahris,fahris_25057194%2Fmd.mp4
knudback,knudback_948467168%2Fmd.mp4
tomaszmaz,tomaszmaz_759381009%2Fmd.mp4
jayvillaver78,jayvillaver78_804808830%2Fmd.mp4
mema1892,mema1892_599666759%2Fmd.mp4
kycdoe,kycdoe_16456758%2Fmd.mp4
leabridgerton,leabridgerton_189604004%2Fmd.mp4
bryanarias,bryanarias_749269367%2Fmd.mp4
krishplace,krishplace_852795945%2Fmd.mp4
bongado,bongado_52019138%2Fmd.mp4
payranci,payranci_273774668%2Fmd.mp4
tkno,tkno_985303264%2Fmd.mp4
bradfordbarnett,bradfordbarnett_418232944%2Fmd.mp4
johntoso,johntoso_16709113%2Fmd.mp4
acfofangel,acfofangel_890043053%2Fmd.mp4
cindyaaa20,cindyaaa20_453641741%2Fmd.mp4
c18ola,c18ola_363151624%2Fmd.mp4
figolu69,figolu69_675850694%2Fmd.mp4
rawdi2,rawdi2_888439048%2Fmd.mp4
maharajinsights,maharajinsights_660152614%2Fmd.mp4
dadada2,dadada2_watermarked.mp4
ailiver9787,ailiver9787_847228081%2Fmd.mp4
bem2025s,bem2025s_521143860%2Fmd.mp4
dippitydeep,dippitydeep_845152132%2Fmd.mp4
derd4nny,derd4nny_371604535%2Fmd.mp4
nginoid,nginoid_480719763%2Fmd.mp4
live0333,live0333_736455123%2Fmd.mp4
shazzaok,shazzaok_949423796%2Fmd.mp4
dathiccboi,dathiccboi_watermarked.mp4
naosmee,naosmee_494256556%2Fmd.mp4
julianna366,julianna366_840879800%2Fmd.mp4
mrosst,mrosst_watermarked.mp4
sockrobot,sockrobot_927555109%2Fmd.mp4
pvwalter,pvwalter_835388213%2Fmd.mp4
thebenhallman,thebenhallman_750307606%2Fmd.mp4
eafunu,eafunu_566106041%2Fmd.mp4
ruslan_8,ruslan_8_905536589%2Fmd.mp4
gilmomedia,gilmomedia_357265093%2Fmd.mp4
pumoco,pumoco_468817883%2Fmd.mp4
auiyukicute4gmail.com,auiyukicute4gmailcom_532002007%2Fmd.mp4
wattica,wattica_31242578%2Fmd.mp4
isapeace,isapeace_290797384%2Fmd.mp4
munju,munju_594508189%2Fmd.mp4
rahul.harsha,rahulharsha_587511658%2Fmd.mp4
atakivancevsen,atakivancevsen_96347779%2Fmd.mp4
dianazin,dianazin_31120087%2Fmd.mp4
gasuba-na-,gasuba-na-_342029579%2Fmd.mp4
chococereal,chococereal_515762206%2Fmd.mp4
afterburner739,afterburner739_499935257%2Fmd.mp4
maiko7979,maiko7979_947402348%2Fmd.mp4
shubzz,shubzz_512334383%2Fmd.mp4
kirstymind,kirstymind_241225744%2Fmd.mp4
twd-2025,twd-2025_615319696%2Fmd.mp4
raviiranjan,raviiranjan_471925764%2Fmd.mp4
ekimsloan,ekimsloan_971390084%2Fmd.mp4
vinita,vinita_218792682%2Fmd.mp4
tejaw,tejaw_414178971%2Fmd.mp4
tommym,tommym_358791467%2Fmd.mp4
pranshuiykyk,pranshuiykyk_915385991%2Fmd.mp4
siva007,siva007_446834797%2Fmd.mp4
rigidi,rigidi_279466436%2Fmd.mp4
believeinjc,believeinjc_586471273%2Fmd.mp4
rana2025,rana2025_watermarked.mp4
timxneu,timxneu_935696439%2Fmd.mp4
wubfur,wubfur_981964017%2Fmd.mp4
hirose0725,hirose0725_388456515%2Fmd.mp4
atheef,atheef_583386805%2Fmd.mp4
p_adamovich,p_adamovich_811253046%2Fmd.mp4
withangellight,withangellight_24418276%2Fmd.mp4
shanky12345,shanky12345_302806710%2Fmd.mp4
yang.hyunjung34,yanghyunjung34_912735327%2Fmd.mp4
tarek88,tarek88_5208892%2Fmd.mp4
june7777,june7777_362269320%2Fmd.mp4
sarastasi,sarastasi_5259093%2Fmd.mp4
josetorres21,josetorres21_990373300%2Fmd.mp4
masocampus,masocampus_823057074%2Fmd.mp4
sprnodes,sprnodes_126503992%2Fmd.mp4
fantaran,fantaran_543574120%2Fmd.mp4
cobaxter,cobaxter_870868562%2Fmd.mp4
sozo_40,sozo_40_92215312%2Fmd.mp4
fathersunite,fathersunite_782861915%2Fmd.mp4
23446k,23446k_310435470%2Fmd.mp4
moz666,moz666_620584293%2Fmd.mp4
makerminds.ai,makermindsai_287286313%2Fmd.mp4
zakikirkham,zakikirkham_338839601%2Fmd.mp4
sachinwork,sachinwork_898764946%2Fmd.mp4
btpriyal,btpriyal_575225816%2Fmd.mp4
bae1981,bae1981_475803894%2Fmd.mp4
xhale2007,xhale2007_967555050%2Fmd.mp4
johnvanderpol,johnvanderpol_496241161%2Fmd.mp4
austerestore,austerestore_475177574%2Fmd.mp4
escheer,escheer_817543978%2Fmd.mp4
heryrason,heryrason_401581354%2Fmd.mp4
aienjoyer42,aienjoyer42_97516890%2Fmd.mp4
oliversantos,oliversantos_51554786%2Fmd.mp4
hackcrack,hackcrack_468307879%2Fmd.mp4
harvenger,harvenger_737845649%2Fmd.mp4
rigcki,rigcki_509250386%2Fmd.mp4
dilorc2,dilorc2_928591332%2Fmd.mp4
ihvkjerh56,ihvkjerh56_491647147%2Fmd.mp4
grullmash,grullmash_181079615%2Fmd.mp4
ludens7,ludens7_763074184%2Fmd.mp4
sangge555,sangge555_652114665%2Fmd.mp4
abddu,abddu_393690614%2Fmd.mp4
vivekov30,vivekov30_556726412%2Fmd.mp4
amit898569856,amit898569856_246028372%2Fmd.mp4
arukamo,arukamo_935771223%2Fmd.mp4
joecool306,joecool306_471500784%2Fmd.mp4
franciscodelosssantos,franciscodelosssantos_174433028%2Fmd.mp4
nicksideas,nicksideas_859326529%2Fmd.mp4
villads,villads_665047215%2Fmd.mp4
yux000,yux000_904075727%2Fmd.mp4
ryomabou,ryomabou_798514238%2Fmd.mp4
terab,terab_202148866%2Fmd.mp4
illilui,illilui_685099558%2Fmd.mp4
_kx,_kx_283277740%2Fmd.mp4
ivanivanivan1,ivanivanivan1_309324009%2Fmd.mp4
testi1980,testi1980_134183384%2Fmd.mp4
moha_666,moha_666_254310782%2Fmd.mp4
hermanossoccer,hermanossoccer_55879464%2Fmd.mp4
axo09,axo09_278259719%2Fmd.mp4
1554545,1554545_990274538%2Fmd.mp4
ruaj-grupojuvenil,ruaj-grupojuvenil_183499502%2Fmd.mp4
bre337,bre337_769251236%2Fmd.mp4
vlwhk,vlwhk_193024930%2Fmd.mp4
till_zmn,till_zmn_353744639%2Fmd.mp4
newuser123333,newuser123333_972635580%2Fmd.mp4
ssoorraassoorraa,ssoorraassoorraa_14251048%2Fmd.mp4
nokonoko_,nokonoko__289792548%2Fmd.mp4
deepk,deepk_689250595%2Fmd.mp4
rohittchakma,rohittchakma_992157010%2Fmd.mp4
elt16,elt16_822368017%2Fmd.mp4
pablank,pablank_91903847%2Fmd.mp4
babycharmcz,babycharmcz_993616866%2Fmd.mp4
12348822,12348822_520388045%2Fmd.mp4
sharecare,sharecare_619979359%2Fmd.mp4
agpdd,agpdd_759040193%2Fmd.mp4
laurasimport,laurasimport_269794814%2Fmd.mp4
infinitiserve,infinitiserve_838517177%2Fmd.mp4
aspirezonerealestate,aspirezonerealestate_707980198%2Fmd.mp4
ejahshan,ejahshan_520191802%2Fmd.mp4
buschdogg,buschdogg_875400141%2Fmd.mp4
connorcac,connorcac_562657148%2Fmd.mp4
454555555555555555555555,454555555555555555555555_393753335%2Fmd.mp4
flip_ayub,flip_ayub_26437661%2Fmd.mp4
imdaniel,imdaniel_329734093%2Fmd.mp4
noahsrv,noahsrv_184343623%2Fmd.mp4
taisantana,taisantana_236442284%2Fmd.mp4
dand7,dand7_729543769%2Fmd.mp4
mikeberlin,mikeberlin_751491130%2Fmd.mp4
bananenfaust,bananenfaust_522597945%2Fmd.mp4
zenbizman,zenbizman_932123730%2Fmd.mp4
penggaoyun,penggaoyun_327200878%2Fmd.mp4
dkwalter77,dkwalter77_808295025%2Fmd.mp4
dragonvision,dragonvision_852957896%2Fmd.mp4
cih.jrp,cihjrp_271742031%2Fmd.mp4
joyfuljourneyparenting,joyfuljourneyparenting_424442081%2Fmd.mp4
inximkr,inximkr_714238610%2Fmd.mp4
sterco,sterco_223831622%2Fmd.mp4
adabaharat,adabaharat_376490481%2Fmd.mp4
domey96,domey96_139913611%2Fmd.mp4
quantum_barbie,quantum_barbie_817473721%2Fmd.mp4
gapd6,gapd6_21287967%2Fmd.mp4
thekaveman12,thekaveman12_32873031%2Fmd.mp4
webvozdux,webvozdux_888400111%2Fmd.mp4
lado29,lado29_286125236%2Fmd.mp4
dolcevi,dolcevi_454857053%2Fmd.mp4
toyopower,toyopower_673872941%2Fmd.mp4
dendemaster,dendemaster_759866418%2Fmd.mp4
yoyo222,yoyo222_213633613%2Fmd.mp4
petges,petges_158153756%2Fmd.mp4
olgamerzlyakova,olgamerzlyakova_963491632%2Fmd.mp4
1656511,1656511_927926754%2Fmd.mp4
allanteste,allanteste_224958894%2Fmd.mp4
php.dgs,phpdgs_989549820%2Fmd.mp4
kanon0707,kanon0707_322281649%2Fmd.mp4
missicsart,missicsart_909039448%2Fmd.mp4
gugeron,gugeron_376915645%2Fmd.mp4
caramel.aimel,caramelaimel_630289840%2Fmd.mp4
erichsentax,erichsentax_61247407%2Fmd.mp4
bugunda1974,bugunda1974_696387245%2Fmd.mp4
dakini_cranini,dakini_cranini_4526540%2Fmd.mp4
sartoryu,sartoryu_877312502%2Fmd.mp4
docente_emmess,docente_emmess_775671215%2Fmd.mp4
iegjr,iegjr_272062666%2Fmd.mp4
webtoolsbd01,webtoolsbd01_436893530%2Fmd.mp4
roxannerobin,roxannerobin_900426055%2Fmd.mp4
sunjove,sunjove_275229925%2Fmd.mp4
aqulley,aqulley_655469041%2Fmd.mp4
mjcjrfl77,mjcjrfl77_713619446%2Fmd.mp4
tomerb232,tomerb232_315132197%2Fmd.mp4
variamanti,variamanti_806564388%2Fmd.mp4
breathesisbykenique,breathesisbykenique_806232855%2Fmd.mp4
2592108,2592108_968226828%2Fmd.mp4
kjell_li,kjell_li_288246915%2Fmd.mp4
astacake,astacake_48457029%2Fmd.mp4
mikonorip,mikonorip_346563989%2Fmd.mp4
dudxs,dudxs_watermarked.mp4
looxyt,looxyt_735295850%2Fmd.mp4
sandeep1010,sandeep1010_401303462%2Fmd.mp4
npecor,npecor_458161621%2Fmd.mp4
qdh94,qdh94_956385933%2Fmd.mp4
cheetahvscrocodile,cheetahvscrocodile_938385704%2Fmd.mp4
mmetano,mmetano_338016144%2Fmd.mp4
rick_rpm,rick_rpm_839911052%2Fmd.mp4
lplocked,lplocked_135948471%2Fmd.mp4
aqmed,aqmed_555825407%2Fmd.mp4
ypw1,ypw1_515937135%2Fmd.mp4
slimtheshadee,slimtheshadee_95696637%2Fmd.mp4
kitbag,kitbag_984706617%2Fmd.mp4
pavlik1986,pavlik1986_61800800%2Fmd.mp4
22322777,22322777_980901699%2Fmd.mp4
missionary0,missionary0_517250858%2Fmd.mp4
soracoconem,soracoconem_300191621%2Fmd.mp4
medicaldetective1,medicaldetective1_908697545%2Fmd.mp4
lindirium,lindirium_339413934%2Fmd.mp4
voice789,voice789_242587007%2Fmd.mp4
gaotoon,gaotoon_149249433%2Fmd.mp4
meou,meou_893714378%2Fmd.mp4
adosphere01,adosphere01_656411819%2Fmd.mp4
tessa369,tessa369_928255460%2Fmd.mp4
williekopter,williekopter_493139908%2Fmd.mp4
denan99,denan99_431707645%2Fmd.mp4
unclear,unclear_868780854%2Fmd.mp4
myhorus,myhorus_147210941%2Fmd.mp4
tiekai68,tiekai68_964308626%2Fmd.mp4
timptu,timptu_146037786%2Fmd.mp4
holdenb000,holdenb000_511801582%2Fmd.mp4
khloe2020,khloe2020_978535619%2Fmd.mp4
maylsonhonorato,maylsonhonorato_587255262%2Fmd.mp4
veritasconnect,veritasconnect_253488213%2Fmd.mp4
erg01,erg01_946601838%2Fmd.mp4
va19ntina,va19ntina_44981178%2Fmd.mp4
aedtetg,aedtetg_210017708%2Fmd.mp4
austin355,austin355_586562389%2Fmd.mp4
xcccccccc,xcccccccc_527269711%2Fmd.mp4
rus941,rus941_watermarked.mp4
treppenhaus,treppenhaus_155830746%2Fmd.mp4
nazare123,nazare123_842652393%2Fmd.mp4
digitalwebkrida,digitalwebkrida_530672759%2Fmd.mp4
tuklex,tuklex_508111382%2Fmd.mp4
gerold61,gerold61_788300290%2Fmd.mp4
iamjag,iamjag_507663808%2Fmd.mp4
giumafra,giumafra_731864805%2Fmd.mp4
at____999,at____999_458200743%2Fmd.mp4
taimurshahid1,taimurshahid1_748675286%2Fmd.mp4
sobeih91,sobeih91_151906067%2Fmd.mp4
idealcollagen,idealcollagen_816106618%2Fmd.mp4
sgnicos,sgnicos_watermarked.mp4
naturebd,naturebd_47922430%2Fmd.mp4
mcmoshe,mcmoshe_69758465%2Fmd.mp4
shameemanjum,shameemanjum_16051423%2Fmd.mp4
pit2523,pit2523_584545686%2Fmd.mp4
mernz24,mernz24_145894670%2Fmd.mp4
pimpawawaan,pimpawawaan_168271044%2Fmd.mp4
sss233,sss233_950579572%2Fmd.mp4
sourxu,sourxu_499939788%2Fmd.mp4
donpapa,donpapa_236435772%2Fmd.mp4
alwyns,alwyns_502037549%2Fmd.mp4
alienornc,alienornc_693341583%2Fmd.mp4
prapasabee,prapasabee_748286842%2Fmd.mp4
ashes1881,ashes1881_697273547%2Fmd.mp4
sebastianvjb476,sebastianvjb476_749048940%2Fmd.mp4
alanjack,alanjack_489722798%2Fmd.mp4
taceye,taceye_793248227%2Fmd.mp4
mydesk-jesper,mydesk-jesper_196804815%2Fmd.mp4
ipman33,ipman33_824593088%2Fmd.mp4
harusunshine,harusunshine_450175492%2Fmd.mp4
1.1.1.1.1.1.1.1.1.1.1.1.,111111111111_421748285%2Fmd.mp4
abo1221,abo1221_434152204%2Fmd.mp4
minto_56,minto_56_304280054%2Fmd.mp4
highbud,highbud_88989277%2Fmd.mp4
cats1401,cats1401_606207696%2Fmd.mp4
eddiechau,eddiechau_153115262%2Fmd.mp4
zeidinio,zeidinio_833880637%2Fmd.mp4
hass18,hass18_741450444%2Fmd.mp4
vikashola,vikashola_747590870%2Fmd.mp4
srichard,srichard_120064522%2Fmd.mp4
xxxxapple,xxxxapple_622763465%2Fmd.mp4
aname.popovic,anamepopovic_492970037%2Fmd.mp4
ayami_jp,ayami_jp_318488182%2Fmd.mp4
bhavik786,bhavik786_690086001%2Fmd.mp4
jauntybadger,jauntybadger_159865527%2Fmd.mp4
kawaks,kawaks_900269071%2Fmd.mp4
sanraj1990,sanraj1990_527510432%2Fmd.mp4
sirini,sirini_446231221%2Fmd.mp4
sanjeewaw,sanjeewaw_586509317%2Fmd.mp4
hirobon.studio,hirobonstudio_234092156%2Fmd.mp4
telepathboy,telepathboy_794782414%2Fmd.mp4
millernew,millernew_408643075%2Fmd.mp4
kenshoedge,kenshoedge_211016245%2Fmd.mp4
smlzecnp,smlzecnp_869155346%2Fmd.mp4
crjemara,crjemara_474014621%2Fmd.mp4
sagorkoiry,sagorkoiry_771106854%2Fmd.mp4
tonifong,tonifong_950176845%2Fmd.mp4
shijith,shijith_905472982%2Fmd.mp4
eun99,eun99_457380646%2Fmd.mp4
youjin-lucy,youjin-lucy_796078320%2Fmd.mp4
vepaula,vepaula_854714730%2Fmd.mp4
mannxtrem,mannxtrem_watermarked.mp4
spiralcyc,spiralcyc_417249819%2Fmd.mp4
asura.gate,asuragate_952991473%2Fmd.mp4
shibbolethcoin,shibbolethcoin_432030948%2Fmd.mp4
primals,primals_637446586%2Fmd.mp4
edisonaikunal,edisonaikunal_104911536%2Fmd.mp4
nate24,nate24_461546493%2Fmd.mp4
2kota,2kota_345048458%2Fmd.mp4
pawelciolka,pawelciolka_679542558%2Fmd.mp4
tdf_diamond,tdf_diamond_984612382%2Fmd.mp4
lsh823823,lsh823823_600837877%2Fmd.mp4
ryanbeardy,ryanbeardy_828673299%2Fmd.mp4
wanasiri,wanasiri_888227928%2Fmd.mp4
fuki12,fuki12_514209847%2Fmd.mp4
ism.,ism_122875593%2Fmd.mp4
zeitakuzanmai,zeitakuzanmai_531778762%2Fmd.mp4
matread,matread_257666643%2Fmd.mp4
yudyhandri,yudyhandri_295217095%2Fmd.mp4
quackel,quackel_601306478%2Fmd.mp4
lakotacamp,lakotacamp_563858347%2Fmd.mp4
sorajiei,sorajiei_576214078%2Fmd.mp4
yun9699,yun9699_823054130%2Fmd.mp4
nanigaski696,nanigaski696_773350383%2Fmd.mp4
funfun92,funfun92_984322707%2Fmd.mp4
40-,40-_747442607%2Fmd.mp4
lordlongshoot,lordlongshoot_867558861%2Fmd.mp4
liornoyman,liornoyman_786096617%2Fmd.mp4
alexkolarov94,alexkolarov94_780280004%2Fmd.mp4
